id,word,part_of_speech,cefr_level,phonetic_uk,phonetic_us,thai_meaning,example_sentence,example_translation,category,distractors,audio_key,note,raw_entry
1,"a, an",indefinite article,A1,,,,,,General,,a__an,,"a, an indefinite article"
2,about,"prep., adv.",A1,,,,,,General,,about,,"about prep., adv."
3,above,"prep., adv.",A1,,,,,,General,,above,,"above prep., adv."
4,across,"prep., adv.",A1,,,,,,General,,across,,"across prep., adv."
5,action,n.,A1,,,,,,General,,action,,action n.
6,activity,n.,A1,,,,,,General,,activity,,activity n.
7,actor,n.,A1,,,,,,General,,actor,,actor n.
8,actress,n.,A1,,,,,,General,,actress,,actress n.
9,add,v.,A1,,,,,,General,,add,,add v.
10,address,n.,A1,,,,,,General,,address,,address n.
11,adult,n.,A1,,,,,,General,,adult,,adult n.
12,advice,n.,A1,,,,,,General,,advice,,advice n.
13,afraid,adj.,A1,,,,,,General,,afraid,,afraid adj.
14,after,prep.,A1,,,,,,General,,after,,after prep.
15,afternoon,n.,A1,,,,,,General,,afternoon,,afternoon n.
16,again,adv.,A1,,,,,,General,,again,,again adv.
17,age,n.,A1,,,,,,General,,age,,age n.
18,ago,adv.,A1,,,,,,General,,ago,,ago adv.
19,agree,v.,A1,,,,,,General,,agree,,agree v.
20,air,n.,A1,,,,,,General,,air,,air n.
21,airport,n.,A1,,,,,,General,,airport,,airport n.
22,all,"det., pron.",A1,,,,,,General,,all,,"all det., pron."
23,also,adv.,A1,,,,,,General,,also,,also adv.
24,always,adv.,A1,,,,,,General,,always,,always adv.
25,amazing,adj.,A1,,,,,,General,,amazing,,amazing adj.
26,and,conj.,A1,,,,,,General,,and,,and conj.
27,angry,adj.,A1,,,,,,General,,angry,,angry adj.
28,animal,n.,A1,,,,,,General,,animal,,animal n.
29,another,det./pron.,A1,,,,,,General,,another,,another det./pron.
30,answer,"n., v.",A1,,,,,,General,,answer,,"answer n., v."
31,any,"det., pron.",A1,,,,,,General,,any,,"any det., pron."
32,anyone,pron.,A1,,,,,,General,,anyone,,anyone pron.
33,anything,pron.,A1,,,,,,General,,anything,,anything pron.
34,apartment,n.,A1,,,,,,General,,apartment,,apartment n.
35,apple,n.,A1,,,,,,General,,apple,,apple n.
36,April,n.,A1,,,,,,General,,april,,April n.
37,area,n.,A1,,,,,,General,,area,,area n.
38,arm,n.,A1,,,,,,General,,arm,,arm n.
39,around,"prep., adv.",A1,,,,,,General,,around,,"around prep., adv."
40,arrive,v.,A1,,,,,,General,,arrive,,arrive v.
41,art,n.,A1,,,,,,General,,art,,art n.
42,article,n.,A1,,,,,,General,,article,,article n.
43,artist,n.,A1,,,,,,General,,artist,,artist n.
44,as,prep.,A1,,,,,,General,,as,,as prep.
45,ask,v.,A1,,,,,,General,,ask,,ask v.
46,at,prep.,A1,,,,,,General,,at,,at prep.
47,August,n.,A1,,,,,,General,,august,,August n.
48,aunt,n.,A1,,,,,,General,,aunt,,aunt n.
49,autumn,n.,A1,,,,,,General,,autumn,,autumn n.
50,away,adv.,A1,,,,,,General,,away,,away adv.
51,baby,n.,A1,,,,,,General,,baby,,baby n.
52,back,"n., adv.",A1,,,,,,General,,back,,"back n., adv."
53,bad,adj.,A1,,,,,,General,,bad,,bad adj.
54,bag,n.,A1,,,,,,General,,bag,,bag n.
55,ball,n.,A1,,,,,,General,,ball,,ball n.
56,banana,n.,A1,,,,,,General,,banana,,banana n.
57,band,n.,A1,,,,,,General,,band,,band n.
58,bank,n.,A1,,,,,,General,,bank,money,bank (money) n.
59,bath,n.,A1,,,,,,General,,bath,,bath n.
60,bathroom,n.,A1,,,,,,General,,bathroom,,bathroom n.
61,be,"v., auxiliary v.",A1,,,,,,General,,be,,"be v., auxiliary v."
62,beach,n.,A1,,,,,,General,,beach,,beach n.
63,beautiful,adj.,A1,,,,,,General,,beautiful,,beautiful adj.
64,because,conj.,A1,,,,,,General,,because,,because conj.
65,become,v.,A1,,,,,,General,,become,,become v.
66,bed,n.,A1,,,,,,General,,bed,,bed n.
67,bedroom,n.,A1,,,,,,General,,bedroom,,bedroom n.
68,beer,n.,A1,,,,,,General,,beer,,beer n.
69,before,prep.,A1,,,,,,General,,before,,before prep.
70,begin,v.,A1,,,,,,General,,begin,,begin v.
71,beginning,n.,A1,,,,,,General,,beginning,,beginning n.
72,behind,"prep., adv.",A1,,,,,,General,,behind,,"behind prep., adv."
73,believe,v.,A1,,,,,,General,,believe,,believe v.
74,below,"adv., prep.",A1,,,,,,General,,below,,"below adv., prep."
75,best,adj.,A1,,,,,,General,,best,,best adj.
76,better,adj.,A1,,,,,,General,,better,,better adj.
77,between,prep.,A1,,,,,,General,,between,,between prep.
78,bicycle,n.,A1,,,,,,General,,bicycle,,bicycle n.
79,big,adj.,A1,,,,,,General,,big,,big adj.
80,bike,n.,A1,,,,,,General,,bike,,bike n.
81,bill,n.,A1,,,,,,General,,bill,,bill n.
82,bird,n.,A1,,,,,,General,,bird,,bird n.
83,birthday,n.,A1,,,,,,General,,birthday,,birthday n.
84,black,"adj., n.",A1,,,,,,General,,black,,"black adj., n."
85,blog,n.,A1,,,,,,General,,blog,,blog n.
86,blonde,adj.,A1,,,,,,General,,blonde,,blonde adj.
87,blue,"adj., n.",A1,,,,,,General,,blue,,"blue adj., n."
88,boat,n.,A1,,,,,,General,,boat,,boat n.
89,body,n.,A1,,,,,,General,,body,,body n.
90,book,n.,A1,,,,,,General,,book,,book n.
91,boot,n.,A1,,,,,,General,,boot,,boot n.
92,bored,adj.,A1,,,,,,General,,bored,,bored adj.
93,boring,adj.,A1,,,,,,General,,boring,,boring adj.
94,born,v.,A1,,,,,,General,,born,,born v.
95,both,det./pron.,A1,,,,,,General,,both,,both det./pron.
96,bottle,n.,A1,,,,,,General,,bottle,,bottle n.
97,box,n.,A1,,,,,,General,,box,,box n.
98,boy,n.,A1,,,,,,General,,boy,,boy n.
99,boyfriend,n.,A1,,,,,,General,,boyfriend,,boyfriend n.
100,bread,n.,A1,,,,,,General,,bread,,bread n.
101,break,"v., n.",A1,,,,,,General,,break,,"break v., n."
102,breakfast,n.,A1,,,,,,General,,breakfast,,breakfast n.
103,bring,v.,A1,,,,,,General,,bring,,bring v.
104,brother,n.,A1,,,,,,General,,brother,,brother n.
105,brown,"adj., n.",A1,,,,,,General,,brown,,"brown adj., n."
106,build,v.,A1,,,,,,General,,build,,build v.
107,building,n.,A1,,,,,,General,,building,,building n.
108,bus,n.,A1,,,,,,General,,bus,,bus n.
109,business,n.,A1,,,,,,General,,business,,business n.
110,busy,adj.,A1,,,,,,General,,busy,,busy adj.
111,but,conj.,A1,,,,,,General,,but,,but conj.
112,butter,n.,A1,,,,,,General,,butter,,butter n.
113,buy,v.,A1,,,,,,General,,buy,,buy v.
114,by,prep.,A1,,,,,,General,,by,,by prep.
115,bye,exclam.,A1,,,,,,General,,bye,,bye exclam.
116,cafe,n.,A1,,,,,,General,,cafe,,cafe n.
117,cake,n.,A1,,,,,,General,,cake,,cake n.
118,call,"v., n.",A1,,,,,,General,,call,,"call v., n."
119,camera,n.,A1,,,,,,General,,camera,,camera n.
120,can,modal v.,A1,,,,,,General,,can,sense 1,can1 modal v.
121,cannot,modal v.,A1,,,,,,General,,cannot,,cannot modal v.
122,capital,"n., adj.",A1,,,,,,General,,capital,,"capital n., adj."
123,car,n.,A1,,,,,,General,,car,,car n.
124,card,n.,A1,,,,,,General,,card,,card n.
125,career,n.,A1,,,,,,General,,career,,career n.
126,carrot,n.,A1,,,,,,General,,carrot,,carrot n.
127,carry,v.,A1,,,,,,General,,carry,,carry v.
128,cat,n.,A1,,,,,,General,,cat,,cat n.
129,CD,n.,A1,,,,,,General,,cd,,CD n.
130,cent,n.,A1,,,,,,General,,cent,,cent n.
131,centre,n.,A1,,,,,,General,,centre,,centre n.
132,century,n.,A1,,,,,,General,,century,,century n.
133,chair,n.,A1,,,,,,General,,chair,,chair n.
134,change,"v., n.",A1,,,,,,General,,change,,"change v., n."
135,chart,n.,A1,,,,,,General,,chart,,chart n.
136,cheap,adj.,A1,,,,,,General,,cheap,,cheap adj.
137,check,v.,A1,,,,,,General,,check,,check v.
138,cheese,n.,A1,,,,,,General,,cheese,,cheese n.
139,chicken,n.,A1,,,,,,General,,chicken,,chicken n.
140,child,n.,A1,,,,,,General,,child,,child n.
141,chocolate,n.,A1,,,,,,General,,chocolate,,chocolate n.
142,choose,v.,A1,,,,,,General,,choose,,choose v.
143,cinema,n.,A1,,,,,,General,,cinema,,cinema n.
144,city,n.,A1,,,,,,General,,city,,city n.
145,class,n.,A1,,,,,,General,,class,,class n.
146,classroom,n.,A1,,,,,,General,,classroom,,classroom n.
147,clean,"adj., v.",A1,,,,,,General,,clean,,"clean adj., v."
148,climb,v.,A1,,,,,,General,,climb,,climb v.
149,clock,n.,A1,,,,,,General,,clock,,clock n.
150,close,v.,A1,,,,,,General,,close,sense 1,close1 v.
151,clothes,n.,A1,,,,,,General,,clothes,,clothes n.
152,club,n.,A1,,,,,,General,,club,,club n.
153,coat,n.,A1,,,,,,General,,coat,,coat n.
154,coffee,n.,A1,,,,,,General,,coffee,,coffee n.
155,cold,"adj., n.",A1,,,,,,General,,cold,,"cold adj., n."
156,college,n.,A1,,,,,,General,,college,,college n.
157,colour,n.,A1,,,,,,General,,colour,,colour n.
158,come,v.,A1,,,,,,General,,come,,come v.
159,common,adj.,A1,,,,,,General,,common,,common adj.
160,company,n.,A1,,,,,,General,,company,,company n.
161,compare,v.,A1,,,,,,General,,compare,,compare v.
162,complete,"adj., v.",A1,,,,,,General,,complete,,"complete adj., v."
163,computer,n.,A1,,,,,,General,,computer,,computer n.
164,concert,n.,A1,,,,,,General,,concert,,concert n.
165,conversation,n.,A1,,,,,,General,,conversation,,conversation n.
166,cook,v.,A1,,,,,,General,,cook,,cook v.
167,cooking,n.,A1,,,,,,General,,cooking,,cooking n.
168,cool,adj.,A1,,,,,,General,,cool,,cool adj.
169,correct,"adj., v.",A1,,,,,,General,,correct,,"correct adj., v."
170,cost,"n., v.",A1,,,,,,General,,cost,,"cost n., v."
171,could,modal v.,A1,,,,,,General,,could,,could modal v.
172,country,n.,A1,,,,,,General,,country,,country n.
173,course,n.,A1,,,,,,General,,course,,course n.
174,cousin,n.,A1,,,,,,General,,cousin,,cousin n.
175,cow,n.,A1,,,,,,General,,cow,,cow n.
176,cream,n.,A1,,,,,,General,,cream,,cream n.
177,create,v.,A1,,,,,,General,,create,,create v.
178,culture,n.,A1,,,,,,General,,culture,,culture n.
179,cup,n.,A1,,,,,,General,,cup,,cup n.
180,customer,n.,A1,,,,,,General,,customer,,customer n.
181,cut,v.,A1,,,,,,General,,cut,,cut v.
182,dad,n.,A1,,,,,,General,,dad,,dad n.
183,dance,"n., v.",A1,,,,,,General,,dance,,"dance n., v."
184,dancer,n.,A1,,,,,,General,,dancer,,dancer n.
185,dancing,n.,A1,,,,,,General,,dancing,,dancing n.
186,dangerous,adj.,A1,,,,,,General,,dangerous,,dangerous adj.
187,dark,adj.,A1,,,,,,General,,dark,,dark adj.
188,date,n.,A1,,,,,,General,,date,,date n.
189,daughter,n.,A1,,,,,,General,,daughter,,daughter n.
190,day,n.,A1,,,,,,General,,day,,day n.
191,dear,adj.,A1,,,,,,General,,dear,,dear adj.
192,December,n.,A1,,,,,,General,,december,,December n.
193,decide,v.,A1,,,,,,General,,decide,,decide v.
194,delicious,adj.,A1,,,,,,General,,delicious,,delicious adj.
195,describe,v.,A1,,,,,,General,,describe,,describe v.
196,description,n.,A1,,,,,,General,,description,,description n.
197,design,"n., v.",A1,,,,,,General,,design,,"design n., v."
198,desk,n.,A1,,,,,,General,,desk,,desk n.
199,detail,n.,A1,,,,,,General,,detail,,detail n.
200,dialogue,n.,A1,,,,,,General,,dialogue,,dialogue n.
201,dictionary,n.,A1,,,,,,General,,dictionary,,dictionary n.
202,die,v.,A1,,,,,,General,,die,,die v.
203,diet,n.,A1,,,,,,General,,diet,,diet n.
204,difference,n.,A1,,,,,,General,,difference,,difference n.
205,different,adj.,A1,,,,,,General,,different,,different adj.
206,difficult,adj.,A1,,,,,,General,,difficult,,difficult adj.
207,dinner,n.,A1,,,,,,General,,dinner,,dinner n.
208,dirty,adj.,A1,,,,,,General,,dirty,,dirty adj.
209,discuss,v.,A1,,,,,,General,,discuss,,discuss v.
210,dish,n.,A1,,,,,,General,,dish,,dish n.
211,do,"v. , auxiliary v.",A1,,,,,,General,,do,sense 1,"do1 v. , auxiliary v."
212,doctor,n.,A1,,,,,,General,,doctor,,doctor n.
213,dog,n.,A1,,,,,,General,,dog,,dog n.
214,dollar,n.,A1,,,,,,General,,dollar,,dollar n.
215,door,n.,A1,,,,,,General,,door,,door n.
216,down,"adv., prep.",A1,,,,,,General,,down,,"down adv., prep."
217,downstairs,adv.,A1,,,,,,General,,downstairs,,downstairs adv.
218,draw,v.,A1,,,,,,General,,draw,,draw v.
219,dress,"n., v.",A1,,,,,,General,,dress,,"dress n., v."
220,drink,"n., v.",A1,,,,,,General,,drink,,"drink n., v."
221,drive,v.,A1,,,,,,General,,drive,,drive v.
222,driver,n.,A1,,,,,,General,,driver,,driver n.
223,during,prep.,A1,,,,,,General,,during,,during prep.
224,DVD,n.,A1,,,,,,General,,dvd,,DVD n.
225,each,det./pron./adv.,A1,,,,,,General,,each,,each det./pron./adv.
226,ear,n.,A1,,,,,,General,,ear,,ear n.
227,early,"adj., adv.",A1,,,,,,General,,early,,"early adj., adv."
228,east,"n., adj., adv.",A1,,,,,,General,,east,,"east n., adj., adv."
229,easy,adj.,A1,,,,,,General,,easy,,easy adj.
230,eat,v.,A1,,,,,,General,,eat,,eat v.
231,egg,n.,A1,,,,,,General,,egg,,egg n.
232,eight,number,A1,,,,,,General,,eight,,eight number
233,eighteen,number,A1,,,,,,General,,eighteen,,eighteen number
234,eighty,number,A1,,,,,,General,,eighty,,eighty number
235,elephant,n.,A1,,,,,,General,,elephant,,elephant n.
236,eleven,number,A1,,,,,,General,,eleven,,eleven number
237,else,adv.,A1,,,,,,General,,else,,else adv.
238,email,"n., v.",A1,,,,,,General,,email,,"email n., v."
239,end,"n., v.",A1,,,,,,General,,end,,"end n., v."
240,enjoy,v.,A1,,,,,,General,,enjoy,,enjoy v.
241,enough,"det., pron., adv.",A1,,,,,,General,,enough,,"enough det., pron., adv."
242,euro,n.,A1,,,,,,General,,euro,,euro n.
243,even,adv.,A1,,,,,,General,,even,,even adv.
244,evening,n.,A1,,,,,,General,,evening,,evening n.
245,event,n.,A1,,,,,,General,,event,,event n.
246,ever,adv.,A1,,,,,,General,,ever,,ever adv.
247,every,det.,A1,,,,,,General,,every,,every det.
248,everybody,pron.,A1,,,,,,General,,everybody,,everybody pron.
249,everyone,pron.,A1,,,,,,General,,everyone,,everyone pron.
250,everything,pron.,A1,,,,,,General,,everything,,everything pron.
251,exam,n.,A1,,,,,,General,,exam,,exam n.
252,example,n.,A1,,,,,,General,,example,,example n.
253,excited,adj.,A1,,,,,,General,,excited,,excited adj.
254,exciting,adj.,A1,,,,,,General,,exciting,,exciting adj.
255,exercise,"n., v.",A1,,,,,,General,,exercise,,"exercise n., v."
256,expensive,adj.,A1,,,,,,General,,expensive,,expensive adj.
257,explain,v.,A1,,,,,,General,,explain,,explain v.
258,extra,adj.,A1,,,,,,General,,extra,,extra adj.
259,eye,n.,A1,,,,,,General,,eye,,eye n.
260,face,n.,A1,,,,,,General,,face,,face n.
261,fact,n.,A1,,,,,,General,,fact,,fact n.
262,fall,v.,A1,,,,,,General,,fall,,fall v.
263,false,adj.,A1,,,,,,General,,false,,false adj.
264,family,"n., adj.",A1,,,,,,General,,family,,"family n., adj."
265,famous,adj.,A1,,,,,,General,,famous,,famous adj.
266,fantastic,adj.,A1,,,,,,General,,fantastic,,fantastic adj.
267,far,adv.,A1,,,,,,General,,far,,far adv.
268,farm,n.,A1,,,,,,General,,farm,,farm n.
269,farmer,n.,A1,,,,,,General,,farmer,,farmer n.
270,fast,"adj., adv.",A1,,,,,,General,,fast,,"fast adj., adv."
271,fat,adj.,A1,,,,,,General,,fat,,fat adj.
272,father,n.,A1,,,,,,General,,father,,father n.
273,favourite,"adj., n.",A1,,,,,,General,,favourite,,"favourite adj., n."
274,February,n.,A1,,,,,,General,,february,,February n.
275,feel,v.,A1,,,,,,General,,feel,,feel v.
276,feeling,n.,A1,,,,,,General,,feeling,,feeling n.
277,festival,n.,A1,,,,,,General,,festival,,festival n.
278,few,"det./adj., pron.",A1,,,,,,General,,few,,"few det./adj., pron."
279,fifteen,number,A1,,,,,,General,,fifteen,,fifteen number
280,fifth,number,A1,,,,,,General,,fifth,,fifth number
281,fifty,number,A1,,,,,,General,,fifty,,fifty number
282,fill,v.,A1,,,,,,General,,fill,,fill v.
283,film,n.,A1,,,,,,General,,film,,film n.
284,final,adj.,A1,,,,,,General,,final,,final adj.
285,find,v.,A1,,,,,,General,,find,,find v.
286,fine,adj.,A1,,,,,,General,,fine,,fine adj.
287,finish,v.,A1,,,,,,General,,finish,,finish v.
288,fire,n.,A1,,,,,,General,,fire,,fire n.
289,first,"det./number, adv.",A1,,,,,,General,,first,,"first det./number, adv."
290,fish,n.,A1,,,,,,General,,fish,,fish n.
291,five,number,A1,,,,,,General,,five,,five number
292,flat,n.,A1,,,,,,General,,flat,,flat n.
293,flight,n.,A1,,,,,,General,,flight,,flight n.
294,floor,n.,A1,,,,,,General,,floor,,floor n.
295,flower,n.,A1,,,,,,General,,flower,,flower n.
296,fly,v.,A1,,,,,,General,,fly,,fly v.
297,follow,v.,A1,,,,,,General,,follow,,follow v.
298,food,n.,A1,,,,,,General,,food,,food n.
299,foot,n.,A1,,,,,,General,,foot,,foot n.
300,football,n.,A1,,,,,,General,,football,,football n.
301,for,prep.,A1,,,,,,General,,for,,for prep.
302,forget,v.,A1,,,,,,General,,forget,,forget v.
303,form,"n., v.",A1,,,,,,General,,form,,"form n., v."
304,forty,number,A1,,,,,,General,,forty,,forty number
305,four,number,A1,,,,,,General,,four,,four number
306,fourteen,number,A1,,,,,,General,,fourteen,,fourteen number
307,fourth,number,A1,,,,,,General,,fourth,,fourth number
308,free,adj.,A1,,,,,,General,,free,,free adj.
309,Friday,n.,A1,,,,,,General,,friday,,Friday n.
310,friend,n.,A1,,,,,,General,,friend,,friend n.
311,friendly,adj.,A1,,,,,,General,,friendly,,friendly adj.
312,from,prep.,A1,,,,,,General,,from,,from prep.
313,front,"n., adj.",A1,,,,,,General,,front,,"front n., adj."
314,fruit,n.,A1,,,,,,General,,fruit,,fruit n.
315,full,adj.,A1,,,,,,General,,full,,full adj.
316,fun,n.,A1,,,,,,General,,fun,,fun n.
317,funny,adj.,A1,,,,,,General,,funny,,funny adj.
318,future,n.,A1,,,,,,General,,future,,future n.
319,game,n.,A1,,,,,,General,,game,,game n.
320,garden,n.,A1,,,,,,General,,garden,,garden n.
321,geography,n.,A1,,,,,,General,,geography,,geography n.
322,get,v.,A1,,,,,,General,,get,,get v.
323,girl,n.,A1,,,,,,General,,girl,,girl n.
324,girlfriend,n.,A1,,,,,,General,,girlfriend,,girlfriend n.
325,give,v.,A1,,,,,,General,,give,,give v.
326,glass,n.,A1,,,,,,General,,glass,,glass n.
327,go,v.,A1,,,,,,General,,go,,go v.
328,good,adj.,A1,,,,,,General,,good,,good adj.
329,goodbye,exclam./n.,A1,,,,,,General,,goodbye,,goodbye exclam./n.
330,grandfather,n.,A1,,,,,,General,,grandfather,,grandfather n.
331,grandmother,n.,A1,,,,,,General,,grandmother,,grandmother n.
332,grandparent,n.,A1,,,,,,General,,grandparent,,grandparent n.
333,great,adj.,A1,,,,,,General,,great,,great adj.
334,green,"adj., n.",A1,,,,,,General,,green,,"green adj., n."
335,grey,"adj., n.",A1,,,,,,General,,grey,,"grey adj., n."
336,group,n.,A1,,,,,,General,,group,,group n.
337,grow,v.,A1,,,,,,General,,grow,,grow v.
338,guess,"v., n.",A1,,,,,,General,,guess,,"guess v., n."
339,guitar,n.,A1,,,,,,General,,guitar,,guitar n.
340,gym,n.,A1,,,,,,General,,gym,,gym n.
341,hair,n.,A1,,,,,,General,,hair,,hair n.
342,half,"n., det./pron.",A1,,,,,,General,,half,,"half n., det./pron."
343,hand,n.,A1,,,,,,General,,hand,,hand n.
344,happen,v.,A1,,,,,,General,,happen,,happen v.
345,happy,adj.,A1,,,,,,General,,happy,,happy adj.
346,hard,"adj., adv.",A1,,,,,,General,,hard,,"hard adj., adv."
347,hat,n.,A1,,,,,,General,,hat,,hat n.
348,hate,v.,A1,,,,,,General,,hate,,hate v.
349,have,v.,A1,,,,,,General,,have,,have v.
350,have to,modal v.,A1,,,,,,General,,have_to,,have to modal v.
351,he,pron.,A1,,,,,,General,,he,,he pron.
352,head,n.,A1,,,,,,General,,head,,head n.
353,health,n.,A1,,,,,,General,,health,,health n.
354,healthy,adj.,A1,,,,,,General,,healthy,,healthy adj.
355,hear,v.,A1,,,,,,General,,hear,,hear v.
356,hello,exclam./n.,A1,,,,,,General,,hello,,hello exclam./n.
357,help,"v., n.",A1,,,,,,General,,help,,"help v., n."
358,her,"pron., det.",A1,,,,,,General,,her,,"her pron., det."
359,here,adv.,A1,,,,,,General,,here,,here adv.
360,hey,exclam.,A1,,,,,,General,,hey,,hey exclam.
361,hi,exclam.,A1,,,,,,General,,hi,,hi exclam.
362,high,adj.,A1,,,,,,General,,high,,high adj.
363,him,pron.,A1,,,,,,General,,him,,him pron.
364,his,det.,A1,,,,,,General,,his,,his det.
365,history,n.,A1,,,,,,General,,history,,history n.
366,hobby,n.,A1,,,,,,General,,hobby,,hobby n.
367,holiday,n.,A1,,,,,,General,,holiday,,holiday n.
368,home,"n., adv.",A1,,,,,,General,,home,,"home n., adv."
369,homework,n.,A1,,,,,,General,,homework,,homework n.
370,hope,v.,A1,,,,,,General,,hope,,hope v.
371,horse,n.,A1,,,,,,General,,horse,,horse n.
372,hospital,n.,A1,,,,,,General,,hospital,,hospital n.
373,hot,adj.,A1,,,,,,General,,hot,,hot adj.
374,hotel,n.,A1,,,,,,General,,hotel,,hotel n.
375,hour,n.,A1,,,,,,General,,hour,,hour n.
376,house,n.,A1,,,,,,General,,house,,house n.
377,how,adv.,A1,,,,,,General,,how,,how adv.
378,however,adv.,A1,,,,,,General,,however,,however adv.
379,hundred,number,A1,,,,,,General,,hundred,,hundred number
380,hungry,adj.,A1,,,,,,General,,hungry,,hungry adj.
381,husband,n.,A1,,,,,,General,,husband,,husband n.
382,I,pron.,A1,,,,,,General,,i,,I pron.
383,ice,n.,A1,,,,,,General,,ice,,ice n.
384,ice cream,n.,A1,,,,,,General,,ice_cream,,ice cream n.
385,idea,n.,A1,,,,,,General,,idea,,idea n.
386,if,conj.,A1,,,,,,General,,if,,if conj.
387,imagine,v.,A1,,,,,,General,,imagine,,imagine v.
388,important,adj.,A1,,,,,,General,,important,,important adj.
389,improve,v.,A1,,,,,,General,,improve,,improve v.
390,in,"prep., adv.",A1,,,,,,General,,in,,"in prep., adv."
391,include,v.,A1,,,,,,General,,include,,include v.
392,information,n.,A1,,,,,,General,,information,,information n.
393,interest,"n., v.",A1,,,,,,General,,interest,,"interest n., v."
394,interested,adj.,A1,,,,,,General,,interested,,interested adj.
395,interesting,adj.,A1,,,,,,General,,interesting,,interesting adj.
396,internet,n.,A1,,,,,,General,,internet,,internet n.
397,interview,"n., v.",A1,,,,,,General,,interview,,"interview n., v."
398,into,prep.,A1,,,,,,General,,into,,into prep.
399,introduce,v.,A1,,,,,,General,,introduce,,introduce v.
400,island,n.,A1,,,,,,General,,island,,island n.
401,it,pron.,A1,,,,,,General,,it,,it pron.
402,its,det.,A1,,,,,,General,,its,,its det.
403,jacket,n.,A1,,,,,,General,,jacket,,jacket n.
404,January,n.,A1,,,,,,General,,january,,January n.
405,jeans,n.,A1,,,,,,General,,jeans,,jeans n.
406,job,n.,A1,,,,,,General,,job,,job n.
407,join,v.,A1,,,,,,General,,join,,join v.
408,journey,n.,A1,,,,,,General,,journey,,journey n.
409,juice,n.,A1,,,,,,General,,juice,,juice n.
410,July,n.,A1,,,,,,General,,july,,July n.
411,June,n.,A1,,,,,,General,,june,,June n.
412,just,adv.,A1,,,,,,General,,just,,just adv.
413,keep,v.,A1,,,,,,General,,keep,,keep v.
414,key,"n., adj.",A1,,,,,,General,,key,,"key n., adj."
415,kilometre,n.,A1,,,,,,General,,kilometre,,kilometre n.
416,kind,n.,A1,,,,,,General,,kind,type,kind (type) n.
417,kitchen,n.,A1,,,,,,General,,kitchen,,kitchen n.
418,know,v.,A1,,,,,,General,,know,,know v.
419,land,n.,A1,,,,,,General,,land,,land n.
420,language,n.,A1,,,,,,General,,language,,language n.
421,large,adj.,A1,,,,,,General,,large,,large adj.
422,last,det.,A1,,,,,,General,,last,final,last1 (final) det.
423,late,"adj., adv.",A1,,,,,,General,,late,,"late adj., adv."
424,later,adv.,A1,,,,,,General,,later,,later adv.
425,laugh,"v., n.",A1,,,,,,General,,laugh,,"laugh v., n."
426,learn,v.,A1,,,,,,General,,learn,,learn v.
427,leave,v.,A1,,,,,,General,,leave,,leave v.
428,left,"adj., adv., n.",A1,,,,,,General,,left,,"left adj., adv., n."
429,leg,n.,A1,,,,,,General,,leg,,leg n.
430,lesson,n.,A1,,,,,,General,,lesson,,lesson n.
431,let,v.,A1,,,,,,General,,let,,let v.
432,letter,n.,A1,,,,,,General,,letter,,letter n.
433,library,n.,A1,,,,,,General,,library,,library n.
434,lie,v.,A1,,,,,,General,,lie,sense 1,lie1 v.
435,life,n.,A1,,,,,,General,,life,,life n.
436,light,"n., adj.",A1,,,,,,General,,light,from the sun/a lamp,"light (from the sun/a lamp) n., adj."
437,like,prep.,A1,,,,,,General,,like,similar,like (similar) prep.
438,like,v.,A1,,,,,,General,,like,find sb/sth pleasant,like (find sb/sth pleasant) v.
439,line,n.,A1,,,,,,General,,line,,line n.
440,lion,n.,A1,,,,,,General,,lion,,lion n.
441,list,"n., v.",A1,,,,,,General,,list,,"list n., v."
442,listen,v.,A1,,,,,,General,,listen,,listen v.
443,little,"adj., det./pron.",A1,,,,,,General,,little,,"little adj., det./pron."
444,live,v.,A1,,,,,,General,,live,sense 1,live1 v.
445,local,adj.,A1,,,,,,General,,local,,local adj.
446,long,"adj. , adv.",A1,,,,,,General,,long,sense 1,"long1 adj. , adv."
447,look,v.,A1,,,,,,General,,look,,look v.
448,lose,v.,A1,,,,,,General,,lose,,lose v.
449,lot,"pron., det., adv.",A1,,,,,,General,,lot,,"lot pron., det., adv."
450,love,"n., v.",A1,,,,,,General,,love,,"love n., v."
451,lunch,n.,A1,,,,,,General,,lunch,,lunch n.
452,machine,n.,A1,,,,,,General,,machine,,machine n.
453,magazine,n.,A1,,,,,,General,,magazine,,magazine n.
454,main,adj.,A1,,,,,,General,,main,,main adj.
455,make,v.,A1,,,,,,General,,make,,make v.
456,man,n.,A1,,,,,,General,,man,,man n.
457,many,det./pron.,A1,,,,,,General,,many,,many det./pron.
458,map,n.,A1,,,,,,General,,map,,map n.
459,March,n.,A1,,,,,,General,,march,,March n.
460,market,n.,A1,,,,,,General,,market,,market n.
461,married,adj.,A1,,,,,,General,,married,,married adj.
462,match,"n., v.",A1,,,,,,General,,match,contest/correspond,"match (contest/correspond) n., v."
463,May,n.,A1,,,,,,General,,may,,May n.
464,maybe,adv.,A1,,,,,,General,,maybe,,maybe adv.
465,me,pron.,A1,,,,,,General,,me,,me pron.
466,meal,n.,A1,,,,,,General,,meal,,meal n.
467,mean,v.,A1,,,,,,General,,mean,,mean v.
468,meaning,n.,A1,,,,,,General,,meaning,,meaning n.
469,meat,n.,A1,,,,,,General,,meat,,meat n.
470,meet,v.,A1,,,,,,General,,meet,,meet v.
471,meeting,n.,A1,,,,,,General,,meeting,,meeting n.
472,member,n.,A1,,,,,,General,,member,,member n.
473,menu,n.,A1,,,,,,General,,menu,,menu n.
474,message,n.,A1,,,,,,General,,message,,message n.
475,metre,n.,A1,,,,,,General,,metre,,metre n.
476,midnight,n.,A1,,,,,,General,,midnight,,midnight n.
477,mile,n.,A1,,,,,,General,,mile,,mile n.
478,milk,n.,A1,,,,,,General,,milk,,milk n.
479,million,number,A1,,,,,,General,,million,,million number
480,minute,n.,A1,,,,,,General,,minute,sense 1,minute1 n.
481,miss,v.,A1,,,,,,General,,miss,,miss v.
482,mistake,n.,A1,,,,,,General,,mistake,,mistake n.
483,model,n.,A1,,,,,,General,,model,,model n.
484,modern,adj.,A1,,,,,,General,,modern,,modern adj.
485,moment,n.,A1,,,,,,General,,moment,,moment n.
486,Monday,n.,A1,,,,,,General,,monday,,Monday n.
487,money,n.,A1,,,,,,General,,money,,money n.
488,month,n.,A1,,,,,,General,,month,,month n.
489,more,"det./pron., adv.",A1,,,,,,General,,more,,"more det./pron., adv."
490,morning,n.,A1,,,,,,General,,morning,,morning n.
491,most,"det./pron., adv.",A1,,,,,,General,,most,,"most det./pron., adv."
492,mother,n.,A1,,,,,,General,,mother,,mother n.
493,mountain,n.,A1,,,,,,General,,mountain,,mountain n.
494,mouse,n.,A1,,,,,,General,,mouse,,mouse n.
495,mouth,n.,A1,,,,,,General,,mouth,,mouth n.
496,move,v.,A1,,,,,,General,,move,,move v.
497,movie,n.,A1,,,,,,General,,movie,,movie n.
498,much,"det./pron., adv.",A1,,,,,,General,,much,,"much det./pron., adv."
499,mum,n.,A1,,,,,,General,,mum,,mum n.
500,museum,n.,A1,,,,,,General,,museum,,museum n.
501,music,n.,A1,,,,,,General,,music,,music n.
502,must,modal v.,A1,,,,,,General,,must,,must modal v.
503,my,det.,A1,,,,,,General,,my,,my det.
504,name,"n., v.",A1,,,,,,General,,name,,"name n., v."
505,natural,adj.,A1,,,,,,General,,natural,,natural adj.
506,near,"prep., adj., adv.",A1,,,,,,General,,near,,"near prep., adj., adv."
507,need,v.,A1,,,,,,General,,need,,need v.
508,negative,adj.,A1,,,,,,General,,negative,,negative adj.
509,neighbour,n.,A1,,,,,,General,,neighbour,,neighbour n.
510,never,adv.,A1,,,,,,General,,never,,never adv.
511,new,adj.,A1,,,,,,General,,new,,new adj.
512,news,n.,A1,,,,,,General,,news,,news n.
513,newspaper,n.,A1,,,,,,General,,newspaper,,newspaper n.
514,next,"adj., adv.",A1,,,,,,General,,next,,"next adj., adv."
515,next to,prep.,A1,,,,,,General,,next_to,,next to prep.
516,nice,adj.,A1,,,,,,General,,nice,,nice adj.
517,night,n.,A1,,,,,,General,,night,,night n.
518,nine,number,A1,,,,,,General,,nine,,nine number
519,nineteen,number,A1,,,,,,General,,nineteen,,nineteen number
520,ninety,number,A1,,,,,,General,,ninety,,ninety number
521,no,"exclam., det.",A1,,,,,,General,,no,,"no exclam., det."
522,no one,pron.,A1,,,,,,General,,no_one,,no one pron.
523,nobody,pron.,A1,,,,,,General,,nobody,,nobody pron.
524,north,"n., adj., adv.",A1,,,,,,General,,north,,"north n., adj., adv."
525,nose,n.,A1,,,,,,General,,nose,,nose n.
526,not,adv.,A1,,,,,,General,,not,,not adv.
527,note,n.,A1,,,,,,General,,note,,note n.
528,nothing,pron.,A1,,,,,,General,,nothing,,nothing pron.
529,November,n.,A1,,,,,,General,,november,,November n.
530,now,adv.,A1,,,,,,General,,now,,now adv.
531,number,n.,A1,,,,,,General,,number,,number n.
532,nurse,n.,A1,,,,,,General,,nurse,,nurse n.
533,object,n.,A1,,,,,,General,,object,,object n.
534,o’clock,adv.,A1,,,,,,General,,o_clock,,o’clock adv.
535,October,n.,A1,,,,,,General,,october,,October n.
536,of,prep.,A1,,,,,,General,,of,,of prep.
537,off,"adv., prep.",A1,,,,,,General,,off,,"off adv., prep."
538,office,n.,A1,,,,,,General,,office,,office n.
539,often,adv.,A1,,,,,,General,,often,,often adv.
540,oh,exclam.,A1,,,,,,General,,oh,,oh exclam.
541,OK,"exclam., adj./adv.",A1,,,,,,General,,ok,,"OK exclam., adj./adv."
542,old,adj.,A1,,,,,,General,,old,,old adj.
543,on,"prep., adv.",A1,,,,,,General,,on,,"on prep., adv."
544,once,adv.,A1,,,,,,General,,once,,once adv.
545,one,"number/det., pron.",A1,,,,,,General,,one,,"one number/det., pron."
546,onion,n.,A1,,,,,,General,,onion,,onion n.
547,online,"adj., adv.",A1,,,,,,General,,online,,"online adj., adv."
548,only,"adj., adv.",A1,,,,,,General,,only,,"only adj., adv."
549,open,"adj., v.",A1,,,,,,General,,open,,"open adj., v."
550,opinion,n.,A1,,,,,,General,,opinion,,opinion n.
551,opposite,"adj., n., prep., adv.",A1,,,,,,General,,opposite,,"opposite adj., n., prep., adv."
552,or,conj.,A1,,,,,,General,,or,,or conj.
553,orange,"n., adj.",A1,,,,,,General,,orange,,"orange n., adj."
554,order,"n., v.",A1,,,,,,General,,order,,"order n., v."
555,other,adj./pron.,A1,,,,,,General,,other,,other adj./pron.
556,our,det.,A1,,,,,,General,,our,,our det.
557,out,adv./prep.,A1,,,,,,General,,out,,out adv./prep.
558,outside,adv.,A1,,,,,,General,,outside,,outside adv.
559,over,"prep., adv.",A1,,,,,,General,,over,,"over prep., adv."
560,own,adj./pron.,A1,,,,,,General,,own,,own adj./pron.
561,page,n.,A1,,,,,,General,,page,,page n.
562,paint,"v., n.",A1,,,,,,General,,paint,,"paint v., n."
563,painting,n.,A1,,,,,,General,,painting,,painting n.
564,pair,n.,A1,,,,,,General,,pair,,pair n.
565,paper,n.,A1,,,,,,General,,paper,,paper n.
566,paragraph,n.,A1,,,,,,General,,paragraph,,paragraph n.
567,parent,n.,A1,,,,,,General,,parent,,parent n.
568,park,"n., v.",A1,,,,,,General,,park,,"park n., v."
569,part,n.,A1,,,,,,General,,part,,part n.
570,partner,n.,A1,,,,,,General,,partner,,partner n.
571,party,n.,A1,,,,,,General,,party,,party n.
572,passport,n.,A1,,,,,,General,,passport,,passport n.
573,past,"adj., n., prep.",A1,,,,,,General,,past,,"past adj., n., prep."
574,pay,v.,A1,,,,,,General,,pay,,pay v.
575,pen,n.,A1,,,,,,General,,pen,,pen n.
576,pencil,n.,A1,,,,,,General,,pencil,,pencil n.
577,people,n.,A1,,,,,,General,,people,,people n.
578,pepper,n.,A1,,,,,,General,,pepper,,pepper n.
579,perfect,adj.,A1,,,,,,General,,perfect,,perfect adj.
580,period,n.,A1,,,,,,General,,period,,period n.
581,person,n.,A1,,,,,,General,,person,,person n.
582,personal,adj.,A1,,,,,,General,,personal,,personal adj.
583,phone,"n., v.",A1,,,,,,General,,phone,,"phone n., v."
584,photo,n.,A1,,,,,,General,,photo,,photo n.
585,photograph,n.,A1,,,,,,General,,photograph,,photograph n.
586,phrase,n.,A1,,,,,,General,,phrase,,phrase n.
587,piano,n.,A1,,,,,,General,,piano,,piano n.
588,picture,n.,A1,,,,,,General,,picture,,picture n.
589,piece,n.,A1,,,,,,General,,piece,,piece n.
590,pig,n.,A1,,,,,,General,,pig,,pig n.
591,pink,"adj., n.",A1,,,,,,General,,pink,,"pink adj., n."
592,place,n.,A1,,,,,,General,,place,,place n.
593,plan,"n., v.",A1,,,,,,General,,plan,,"plan n., v."
594,plane,n.,A1,,,,,,General,,plane,,plane n.
595,plant,n.,A1,,,,,,General,,plant,,plant n.
596,play,"v., n.",A1,,,,,,General,,play,,"play v., n."
597,player,n.,A1,,,,,,General,,player,,player n.
598,please,exclam.,A1,,,,,,General,,please,,please exclam.
599,point,n.,A1,,,,,,General,,point,,point n.
600,police,n.,A1,,,,,,General,,police,,police n.
601,policeman,n.,A1,,,,,,General,,policeman,,policeman n.
602,pool,n.,A1,,,,,,General,,pool,,pool n.
603,poor,adj.,A1,,,,,,General,,poor,,poor adj.
604,popular,adj.,A1,,,,,,General,,popular,,popular adj.
605,positive,adj.,A1,,,,,,General,,positive,,positive adj.
606,possible,adj.,A1,,,,,,General,,possible,,possible adj.
607,post,"n., v.",A1,,,,,,General,,post,,"post n., v."
608,potato,n.,A1,,,,,,General,,potato,,potato n.
609,pound,n.,A1,,,,,,General,,pound,,pound n.
610,practice,n.,A1,,,,,,General,,practice,,practice n.
611,practise,v.,A1,,,,,,General,,practise,,practise v.
612,prefer,v.,A1,,,,,,General,,prefer,,prefer v.
613,prepare,v.,A1,,,,,,General,,prepare,,prepare v.
614,present,"adj., n.",A1,,,,,,General,,present,,"present adj., n."
615,pretty,"adj., adv.",A1,,,,,,General,,pretty,,"pretty adj., adv."
616,price,n.,A1,,,,,,General,,price,,price n.
617,probably,adv.,A1,,,,,,General,,probably,,probably adv.
618,problem,n.,A1,,,,,,General,,problem,,problem n.
619,product,n.,A1,,,,,,General,,product,,product n.
620,programme,n.,A1,,,,,,General,,programme,,programme n.
621,project,n.,A1,,,,,,General,,project,,project n.
622,purple,"adj., n.",A1,,,,,,General,,purple,,"purple adj., n."
623,put,v.,A1,,,,,,General,,put,,put v.
624,quarter,n.,A1,,,,,,General,,quarter,,quarter n.
625,question,n.,A1,,,,,,General,,question,,question n.
626,quick,adj.,A1,,,,,,General,,quick,,quick adj.
627,quickly,adv.,A1,,,,,,General,,quickly,,quickly adv.
628,quiet,adj.,A1,,,,,,General,,quiet,,quiet adj.
629,quite,adv.,A1,,,,,,General,,quite,,quite adv.
630,radio,n.,A1,,,,,,General,,radio,,radio n.
631,rain,"n., v.",A1,,,,,,General,,rain,,"rain n., v."
632,read,v.,A1,,,,,,General,,read,,read v.
633,reader,n.,A1,,,,,,General,,reader,,reader n.
634,reading,n.,A1,,,,,,General,,reading,,reading n.
635,ready,adj.,A1,,,,,,General,,ready,,ready adj.
636,real,adj.,A1,,,,,,General,,real,,real adj.
637,really,adv.,A1,,,,,,General,,really,,really adv.
638,reason,n.,A1,,,,,,General,,reason,,reason n.
639,red,"adj., n.",A1,,,,,,General,,red,,"red adj., n."
640,relax,v.,A1,,,,,,General,,relax,,relax v.
641,remember,v.,A1,,,,,,General,,remember,,remember v.
642,repeat,v.,A1,,,,,,General,,repeat,,repeat v.
643,report,n.,A1,,,,,,General,,report,,report n.
644,restaurant,n.,A1,,,,,,General,,restaurant,,restaurant n.
645,result,n.,A1,,,,,,General,,result,,result n.
646,return,"v., n.",A1,,,,,,General,,return,,"return v., n."
647,rice,n.,A1,,,,,,General,,rice,,rice n.
648,rich,adj.,A1,,,,,,General,,rich,,rich adj.
649,ride,v.,A1,,,,,,General,,ride,,ride v.
650,right,"adj., adv., n.",A1,,,,,,General,,right,,"right adj., adv., n."
651,river,n.,A1,,,,,,General,,river,,river n.
652,road,n.,A1,,,,,,General,,road,,road n.
653,room,n.,A1,,,,,,General,,room,,room n.
654,routine,n.,A1,,,,,,General,,routine,,routine n.
655,rule,n.,A1,,,,,,General,,rule,,rule n.
656,run,v.,A1,,,,,,General,,run,,run v.
657,sad,adj.,A1,,,,,,General,,sad,,sad adj.
658,salad,n.,A1,,,,,,General,,salad,,salad n.
659,salt,n.,A1,,,,,,General,,salt,,salt n.
660,same,"adj., pron., adv.",A1,,,,,,General,,same,,"same adj., pron., adv."
661,sandwich,n.,A1,,,,,,General,,sandwich,,sandwich n.
662,Saturday,n.,A1,,,,,,General,,saturday,,Saturday n.
663,say,v.,A1,,,,,,General,,say,,say v.
664,school,n.,A1,,,,,,General,,school,,school n.
665,science,n.,A1,,,,,,General,,science,,science n.
666,scientist,n.,A1,,,,,,General,,scientist,,scientist n.
667,sea,n.,A1,,,,,,General,,sea,,sea n.
668,second,det./ number,A1,,,,,,General,,second,next after the first,second1 (next after the first) det./ number
669,second,n.,A1,,,,,,General,,second,unit of time,second1 (unit of time) n.
670,section,n.,A1,,,,,,General,,section,,section n.
671,see,v.,A1,,,,,,General,,see,,see v.
672,sell,v.,A1,,,,,,General,,sell,,sell v.
673,send,v.,A1,,,,,,General,,send,,send v.
674,sentence,n.,A1,,,,,,General,,sentence,,sentence n.
675,September,n.,A1,,,,,,General,,september,,September n.
676,seven,number,A1,,,,,,General,,seven,,seven number
677,seventeen,number,A1,,,,,,General,,seventeen,,seventeen number
678,seventy,number,A1,,,,,,General,,seventy,,seventy number
679,share,v.,A1,,,,,,General,,share,,share v.
680,she,pron.,A1,,,,,,General,,she,,she pron.
681,sheep,n.,A1,,,,,,General,,sheep,,sheep n.
682,shirt,n.,A1,,,,,,General,,shirt,,shirt n.
683,shoe,n.,A1,,,,,,General,,shoe,,shoe n.
684,shop,"n., v.",A1,,,,,,General,,shop,,"shop n., v."
685,shopping,n.,A1,,,,,,General,,shopping,,shopping n.
686,short,adj.,A1,,,,,,General,,short,,short adj.
687,should,modal v.,A1,,,,,,General,,should,,should modal v.
688,show,"v., n.",A1,,,,,,General,,show,,"show v., n."
689,shower,n.,A1,,,,,,General,,shower,,shower n.
690,sick,adj.,A1,,,,,,General,,sick,,sick adj.
691,similar,adj.,A1,,,,,,General,,similar,,similar adj.
692,sing,v.,A1,,,,,,General,,sing,,sing v.
693,singer,n.,A1,,,,,,General,,singer,,singer n.
694,sister,n.,A1,,,,,,General,,sister,,sister n.
695,sit,v.,A1,,,,,,General,,sit,,sit v.
696,situation,n.,A1,,,,,,General,,situation,,situation n.
697,six,number,A1,,,,,,General,,six,,six number
698,sixteen,number,A1,,,,,,General,,sixteen,,sixteen number
699,sixty,number,A1,,,,,,General,,sixty,,sixty number
700,skill,n.,A1,,,,,,General,,skill,,skill n.
701,skirt,n.,A1,,,,,,General,,skirt,,skirt n.
702,sleep,v.,A1,,,,,,General,,sleep,,sleep v.
703,slow,adj.,A1,,,,,,General,,slow,,slow adj.
704,small,adj.,A1,,,,,,General,,small,,small adj.
705,snake,n.,A1,,,,,,General,,snake,,snake n.
706,snow,"n., v.",A1,,,,,,General,,snow,,"snow n., v."
707,so,"adv., conj.",A1,,,,,,General,,so,,"so adv., conj."
708,some,"det., pron.",A1,,,,,,General,,some,,"some det., pron."
709,somebody,pron.,A1,,,,,,General,,somebody,,somebody pron.
710,someone,pron.,A1,,,,,,General,,someone,,someone pron.
711,something,pron.,A1,,,,,,General,,something,,something pron.
712,sometimes,adv.,A1,,,,,,General,,sometimes,,sometimes adv.
713,son,n.,A1,,,,,,General,,son,,son n.
714,song,n.,A1,,,,,,General,,song,,song n.
715,soon,adv.,A1,,,,,,General,,soon,,soon adv.
716,sorry,"adj., exclam.",A1,,,,,,General,,sorry,,"sorry adj., exclam."
717,sound,"n., v.",A1,,,,,,General,,sound,,"sound n., v."
718,soup,n.,A1,,,,,,General,,soup,,soup n.
719,south,"n., adj., adv.",A1,,,,,,General,,south,,"south n., adj., adv."
720,space,n.,A1,,,,,,General,,space,,space n.
721,speak,v.,A1,,,,,,General,,speak,,speak v.
722,special,adj.,A1,,,,,,General,,special,,special adj.
723,spell,v.,A1,,,,,,General,,spell,,spell v.
724,spelling,n.,A1,,,,,,General,,spelling,,spelling n.
725,spend,v.,A1,,,,,,General,,spend,,spend v.
726,sport,n.,A1,,,,,,General,,sport,,sport n.
727,spring,n.,A1,,,,,,General,,spring,,spring n.
728,stand,v.,A1,,,,,,General,,stand,,stand v.
729,star,n.,A1,,,,,,General,,star,,star n.
730,start,v.,A1,,,,,,General,,start,,start v.
731,statement,n.,A1,,,,,,General,,statement,,statement n.
732,station,n.,A1,,,,,,General,,station,,station n.
733,stay,v.,A1,,,,,,General,,stay,,stay v.
734,still,adv.,A1,,,,,,General,,still,,still adv.
735,stop,"v., n.",A1,,,,,,General,,stop,,"stop v., n."
736,story,n.,A1,,,,,,General,,story,,story n.
737,street,n.,A1,,,,,,General,,street,,street n.
738,strong,adj.,A1,,,,,,General,,strong,,strong adj.
739,student,n.,A1,,,,,,General,,student,,student n.
740,study,"n., v.",A1,,,,,,General,,study,,"study n., v."
741,style,n.,A1,,,,,,General,,style,,style n.
742,subject,n.,A1,,,,,,General,,subject,,subject n.
743,success,n.,A1,,,,,,General,,success,,success n.
744,sugar,n.,A1,,,,,,General,,sugar,,sugar n.
745,summer,n.,A1,,,,,,General,,summer,,summer n.
746,sun,n.,A1,,,,,,General,,sun,,sun n.
747,Sunday,n.,A1,,,,,,General,,sunday,,Sunday n.
748,supermarket,n.,A1,,,,,,General,,supermarket,,supermarket n.
749,sure,adj.,A1,,,,,,General,,sure,,sure adj.
750,sweater,n.,A1,,,,,,General,,sweater,,sweater n.
751,swim,v.,A1,,,,,,General,,swim,,swim v.
752,swimming,n.,A1,,,,,,General,,swimming,,swimming n.
753,table,n.,A1,,,,,,General,,table,,table n.
754,take,v.,A1,,,,,,General,,take,,take v.
755,talk,v.,A1,,,,,,General,,talk,,talk v.
756,tall,adj.,A1,,,,,,General,,tall,,tall adj.
757,taxi,n.,A1,,,,,,General,,taxi,,taxi n.
758,tea,n.,A1,,,,,,General,,tea,,tea n.
759,teach,v.,A1,,,,,,General,,teach,,teach v.
760,teacher,n.,A1,,,,,,General,,teacher,,teacher n.
761,team,n.,A1,,,,,,General,,team,,team n.
762,teenager,n.,A1,,,,,,General,,teenager,,teenager n.
763,telephone,"n., v.",A1,,,,,,General,,telephone,,"telephone n., v."
764,television,n.,A1,,,,,,General,,television,,television n.
765,tell,v.,A1,,,,,,General,,tell,,tell v.
766,ten,number,A1,,,,,,General,,ten,,ten number
767,tennis,n.,A1,,,,,,General,,tennis,,tennis n.
768,terrible,adj.,A1,,,,,,General,,terrible,,terrible adj.
769,test,"n., v.",A1,,,,,,General,,test,,"test n., v."
770,text,n.,A1,,,,,,General,,text,,text n.
771,than,conj.,A1,,,,,,General,,than,,than conj.
772,thank,v.,A1,,,,,,General,,thank,,thank v.
773,thanks,"exclam., n.",A1,,,,,,General,,thanks,,"thanks exclam., n."
774,that,"det., pron., conj.",A1,,,,,,General,,that,,"that det., pron., conj."
775,the,definite article,A1,,,,,,General,,the,,the definite article
776,theatre,n.,A1,,,,,,General,,theatre,,theatre n.
777,their,det.,A1,,,,,,General,,their,,their det.
778,them,pron.,A1,,,,,,General,,them,,them pron.
779,then,adv.,A1,,,,,,General,,then,,then adv.
780,there,adv.,A1,,,,,,General,,there,,there adv.
781,they,pron.,A1,,,,,,General,,they,,they pron.
782,thing,n.,A1,,,,,,General,,thing,,thing n.
783,think,v.,A1,,,,,,General,,think,,think v.
784,third,number,A1,,,,,,General,,third,,third number
785,thirsty,adj.,A1,,,,,,General,,thirsty,,thirsty adj.
786,thirteen,number,A1,,,,,,General,,thirteen,,thirteen number
787,thirty,number,A1,,,,,,General,,thirty,,thirty number
788,this,det./pron.,A1,,,,,,General,,this,,this det./pron.
789,thousand,number,A1,,,,,,General,,thousand,,thousand number
790,three,number,A1,,,,,,General,,three,,three number
791,through,"prep., adv.",A1,,,,,,General,,through,,"through prep., adv."
792,Thursday,n.,A1,,,,,,General,,thursday,,Thursday n.
793,ticket,n.,A1,,,,,,General,,ticket,,ticket n.
794,time,n.,A1,,,,,,General,,time,,time n.
795,tired,adj.,A1,,,,,,General,,tired,,tired adj.
796,title,n.,A1,,,,,,General,,title,,title n.
797,to,"prep., infinitive marker",A1,,,,,,General,,to,,"to prep., infinitive marker"
798,today,"adv., n.",A1,,,,,,General,,today,,"today adv., n."
799,together,adv.,A1,,,,,,General,,together,,together adv.
800,toilet,n.,A1,,,,,,General,,toilet,,toilet n.
801,tomato,n.,A1,,,,,,General,,tomato,,tomato n.
802,tomorrow,"adv., n.",A1,,,,,,General,,tomorrow,,"tomorrow adv., n."
803,tonight,"adv., n.",A1,,,,,,General,,tonight,,"tonight adv., n."
804,too,adv.,A1,,,,,,General,,too,,too adv.
805,tooth,n.,A1,,,,,,General,,tooth,,tooth n.
806,topic,n.,A1,,,,,,General,,topic,,topic n.
807,tourist,n.,A1,,,,,,General,,tourist,,tourist n.
808,town,n.,A1,,,,,,General,,town,,town n.
809,traffic,n.,A1,,,,,,General,,traffic,,traffic n.
810,train,n.,A1,,,,,,General,,train,,train n.
811,travel,"v., n.",A1,,,,,,General,,travel,,"travel v., n."
812,tree,n.,A1,,,,,,General,,tree,,tree n.
813,trip,n.,A1,,,,,,General,,trip,,trip n.
814,trousers,n.,A1,,,,,,General,,trousers,,trousers n.
815,true,adj.,A1,,,,,,General,,true,,true adj.
816,try,v.,A1,,,,,,General,,try,,try v.
817,T-shirt,n.,A1,,,,,,General,,t_shirt,,T-shirt n.
818,Tuesday,n.,A1,,,,,,General,,tuesday,,Tuesday n.
819,turn,"v., n.",A1,,,,,,General,,turn,,"turn v., n."
820,TV,n.,A1,,,,,,General,,tv,,TV n.
821,twelve,number,A1,,,,,,General,,twelve,,twelve number
822,twenty,number,A1,,,,,,General,,twenty,,twenty number
823,twice,adv.,A1,,,,,,General,,twice,,twice adv.
824,two,number,A1,,,,,,General,,two,,two number
825,type,n.,A1,,,,,,General,,type,,type n.
826,umbrella,n.,A1,,,,,,General,,umbrella,,umbrella n.
827,uncle,n.,A1,,,,,,General,,uncle,,uncle n.
828,under,"prep., adv.",A1,,,,,,General,,under,,"under prep., adv."
829,understand,v.,A1,,,,,,General,,understand,,understand v.
830,university,n.,A1,,,,,,General,,university,,university n.
831,until,conj./prep.,A1,,,,,,General,,until,,until conj./prep.
832,up,"adv., prep.",A1,,,,,,General,,up,,"up adv., prep."
833,upstairs,adv.,A1,,,,,,General,,upstairs,,upstairs adv.
834,us,pron.,A1,,,,,,General,,us,,us pron.
835,use,v.,A1,,,,,,General,,use,,use v.
836,useful,adj.,A1,,,,,,General,,useful,,useful adj.
837,usually,adv.,A1,,,,,,General,,usually,,usually adv.
838,vacation,n.,A1,,,,,,General,,vacation,,vacation n.
839,vegetable,n.,A1,,,,,,General,,vegetable,,vegetable n.
840,very,adv.,A1,,,,,,General,,very,,very adv.
841,video,n.,A1,,,,,,General,,video,,video n.
842,village,n.,A1,,,,,,General,,village,,village n.
843,visit,"v., n.",A1,,,,,,General,,visit,,"visit v., n."
844,visitor,n.,A1,,,,,,General,,visitor,,visitor n.
845,wait,v.,A1,,,,,,General,,wait,,wait v.
846,waiter,n.,A1,,,,,,General,,waiter,,waiter n.
847,wake,v.,A1,,,,,,General,,wake,,wake v.
848,walk,"v., n.",A1,,,,,,General,,walk,,"walk v., n."
849,wall,n.,A1,,,,,,General,,wall,,wall n.
850,want,v.,A1,,,,,,General,,want,,want v.
851,warm,adj.,A1,,,,,,General,,warm,,warm adj.
852,wash,v.,A1,,,,,,General,,wash,,wash v.
853,watch,"v., n.",A1,,,,,,General,,watch,,"watch v., n."
854,water,n.,A1,,,,,,General,,water,,water n.
855,way,n.,A1,,,,,,General,,way,,way n.
856,we,pron.,A1,,,,,,General,,we,,we pron.
857,wear,v.,A1,,,,,,General,,wear,,wear v.
858,weather,n.,A1,,,,,,General,,weather,,weather n.
859,website,n.,A1,,,,,,General,,website,,website n.
860,Wednesday,n.,A1,,,,,,General,,wednesday,,Wednesday n.
861,week,n.,A1,,,,,,General,,week,,week n.
862,weekend,n.,A1,,,,,,General,,weekend,,weekend n.
863,welcome,"exclam., v., adj.",A1,,,,,,General,,welcome,,"welcome exclam., v., adj."
864,well,"adv., adj., exclam.",A1,,,,,,General,,well,,"well adv., adj., exclam."
865,west,"n., adj., adv.",A1,,,,,,General,,west,,"west n., adj., adv."
866,what,pron./det.,A1,,,,,,General,,what,,what pron./det.
867,when,"adv., pron., conj.",A1,,,,,,General,,when,,"when adv., pron., conj."
868,where,"adv., conj.",A1,,,,,,General,,where,,"where adv., conj."
869,which,pron./det.,A1,,,,,,General,,which,,which pron./det.
870,white,"adj., n.",A1,,,,,,General,,white,,"white adj., n."
871,who,pron.,A1,,,,,,General,,who,,who pron.
872,why,adv.,A1,,,,,,General,,why,,why adv.
873,wife,n.,A1,,,,,,General,,wife,,wife n.
874,will,modal v.,A1,,,,,,General,,will,,will modal v.
875,win,v.,A1,,,,,,General,,win,,win v.
876,window,n.,A1,,,,,,General,,window,,window n.
877,wine,n.,A1,,,,,,General,,wine,,wine n.
878,winter,n.,A1,,,,,,General,,winter,,winter n.
879,with,prep.,A1,,,,,,General,,with,,with prep.
880,without,prep.,A1,,,,,,General,,without,,without prep.
881,woman,n.,A1,,,,,,General,,woman,,woman n.
882,wonderful,adj.,A1,,,,,,General,,wonderful,,wonderful adj.
883,word,n.,A1,,,,,,General,,word,,word n.
884,work,"v., n.",A1,,,,,,General,,work,,"work v., n."
885,worker,n.,A1,,,,,,General,,worker,,worker n.
886,world,n.,A1,,,,,,General,,world,,world n.
887,would,modal v.,A1,,,,,,General,,would,,would modal v.
888,write,v.,A1,,,,,,General,,write,,write v.
889,writer,n.,A1,,,,,,General,,writer,,writer n.
890,writing,n.,A1,,,,,,General,,writing,,writing n.
891,wrong,adj.,A1,,,,,,General,,wrong,,wrong adj.
892,yeah,exclam.,A1,,,,,,General,,yeah,,yeah exclam.
893,year,n.,A1,,,,,,General,,year,,year n.
894,yellow,"adj., n.",A1,,,,,,General,,yellow,,"yellow adj., n."
895,yes,exclam.,A1,,,,,,General,,yes,,yes exclam.
896,yesterday,"adv., n.",A1,,,,,,General,,yesterday,,"yesterday adv., n."
897,you,pron.,A1,,,,,,General,,you,,you pron.
898,young,adj.,A1,,,,,,General,,young,,young adj.
899,your,det.,A1,,,,,,General,,your,,your det.
900,yourself,pron.,A1,,,,,,General,,yourself,,yourself pron.
901,ability,n.,A2,,,,,,General,,ability,,ability n.
902,able,adj.,A2,,,,,,General,,able,,able adj.
903,abroad,adv.,A2,,,,,,General,,abroad,,abroad adv.
904,accept,v.,A2,,,,,,General,,accept,,accept v.
905,accident,n.,A2,,,,,,General,,accident,,accident n.
906,according to,prep.,A2,,,,,,General,,according_to,,according to prep.
907,achieve,v.,A2,,,,,,General,,achieve,,achieve v.
908,act,v.,A2,,,,,,General,,act,,act v.
909,active,adj.,A2,,,,,,General,,active,,active adj.
910,actually,adv.,A2,,,,,,General,,actually,,actually adv.
911,adult,adj.,A2,,,,,,General,,adult,,adult adj.
912,advantage,n.,A2,,,,,,General,,advantage,,advantage n.
913,adventure,n.,A2,,,,,,General,,adventure,,adventure n.
914,advertise,v.,A2,,,,,,General,,advertise,,advertise v.
915,advertisement,n.,A2,,,,,,General,,advertisement,,advertisement n.
916,advertising,n.,A2,,,,,,General,,advertising,,advertising n.
917,affect,v.,A2,,,,,,General,,affect,,affect v.
918,after,"conj., adv.",A2,,,,,,General,,after,,"after conj., adv."
919,against,prep.,A2,,,,,,General,,against,,against prep.
920,ah,exclam.,A2,,,,,,General,,ah,,ah exclam.
921,airline,n.,A2,,,,,,General,,airline,,airline n.
922,alive,adj.,A2,,,,,,General,,alive,,alive adj.
923,all,adv.,A2,,,,,,General,,all,,all adv.
924,all right,"adj./adv., exclam.",A2,,,,,,General,,all_right,,"all right adj./adv., exclam."
925,allow,v.,A2,,,,,,General,,allow,,allow v.
926,almost,adv.,A2,,,,,,General,,almost,,almost adv.
927,alone,adj./adv.,A2,,,,,,General,,alone,,alone adj./adv.
928,along,"prep., adv.",A2,,,,,,General,,along,,"along prep., adv."
929,already,adv.,A2,,,,,,General,,already,,already adv.
930,alternative,n.,A2,,,,,,General,,alternative,,alternative n.
931,although,conj.,A2,,,,,,General,,although,,although conj.
932,among,prep.,A2,,,,,,General,,among,,among prep.
933,amount,n.,A2,,,,,,General,,amount,,amount n.
934,ancient,adj.,A2,,,,,,General,,ancient,,ancient adj.
935,ankle,n.,A2,,,,,,General,,ankle,,ankle n.
936,any,adv.,A2,,,,,,General,,any,,any adv.
937,anybody,pron.,A2,,,,,,General,,anybody,,anybody pron.
938,any more,adv.,A2,,,,,,General,,any_more,,any more adv.
939,anyway,adv.,A2,,,,,,General,,anyway,,anyway adv.
940,anywhere,"adv., pron.",A2,,,,,,General,,anywhere,,"anywhere adv., pron."
941,app,n.,A2,,,,,,General,,app,,app n.
942,appear,v.,A2,,,,,,General,,appear,,appear v.
943,appearance,n.,A2,,,,,,General,,appearance,,appearance n.
944,apply,v.,A2,,,,,,General,,apply,,apply v.
945,architect,n.,A2,,,,,,General,,architect,,architect n.
946,architecture,n.,A2,,,,,,General,,architecture,,architecture n.
947,argue,v.,A2,,,,,,General,,argue,,argue v.
948,argument,n.,A2,,,,,,General,,argument,,argument n.
949,army,n.,A2,,,,,,General,,army,,army n.
950,arrange,v.,A2,,,,,,General,,arrange,,arrange v.
951,arrangement,n.,A2,,,,,,General,,arrangement,,arrangement n.
952,as,"adv., conj.",A2,,,,,,General,,as,,"as adv., conj."
953,asleep,adj.,A2,,,,,,General,,asleep,,asleep adj.
954,assistant,"n., adj.",A2,,,,,,General,,assistant,,"assistant n., adj."
955,athlete,n.,A2,,,,,,General,,athlete,,athlete n.
956,attack,"n., v.",A2,,,,,,General,,attack,,"attack n., v."
957,attend,v.,A2,,,,,,General,,attend,,attend v.
958,attention,"n., exclam.",A2,,,,,,General,,attention,,"attention n., exclam."
959,attractive,adj.,A2,,,,,,General,,attractive,,attractive adj.
960,audience,n.,A2,,,,,,General,,audience,,audience n.
961,author,n.,A2,,,,,,General,,author,,author n.
962,available,adj.,A2,,,,,,General,,available,,available adj.
963,average,"adj., n.",A2,,,,,,General,,average,,"average adj., n."
964,avoid,v.,A2,,,,,,General,,avoid,,avoid v.
965,award,n.,A2,,,,,,General,,award,,award n.
966,awful,adj.,A2,,,,,,General,,awful,,awful adj.
967,back,adj.,A2,,,,,,General,,back,,back adj.
968,background,n.,A2,,,,,,General,,background,,background n.
969,badly,adv.,A2,,,,,,General,,badly,,badly adv.
970,bar,n.,A2,,,,,,General,,bar,,bar n.
971,baseball,n.,A2,,,,,,General,,baseball,,baseball n.
972,based,adj.,A2,,,,,,General,,based,,based adj.
973,basketball,n.,A2,,,,,,General,,basketball,,basketball n.
974,bean,n.,A2,,,,,,General,,bean,,bean n.
975,bear,n.,A2,,,,,,General,,bear,animal,bear (animal) n.
976,beat,v.,A2,,,,,,General,,beat,,beat v.
977,beef,n.,A2,,,,,,General,,beef,,beef n.
978,before,"conj., adv.",A2,,,,,,General,,before,,"before conj., adv."
979,behave,v.,A2,,,,,,General,,behave,,behave v.
980,behaviour,n.,A2,,,,,,General,,behaviour,,behaviour n.
981,belong,v.,A2,,,,,,General,,belong,,belong v.
982,belt,n.,A2,,,,,,General,,belt,,belt n.
983,benefit,n.,A2,,,,,,General,,benefit,,benefit n.
984,best,"adv., n.",A2,,,,,,General,,best,,"best adv., n."
985,better,adv.,A2,,,,,,General,,better,,better adv.
986,between,adv.,A2,,,,,,General,,between,,between adv.
987,billion,number,A2,,,,,,General,,billion,,billion number
988,bin,n.,A2,,,,,,General,,bin,,bin n.
989,biology,n.,A2,,,,,,General,,biology,,biology n.
990,birth,n.,A2,,,,,,General,,birth,,birth n.
991,biscuit,n.,A2,,,,,,General,,biscuit,,biscuit n.
992,bit,n.,A2,,,,,,General,,bit,,bit n.
993,blank,"adj., n.",A2,,,,,,General,,blank,,"blank adj., n."
994,blood,n.,A2,,,,,,General,,blood,,blood n.
995,blow,v.,A2,,,,,,General,,blow,,blow v.
996,board,n.,A2,,,,,,General,,board,,board n.
997,boil,v.,A2,,,,,,General,,boil,,boil v.
998,bone,n.,A2,,,,,,General,,bone,,bone n.
999,book,v.,A2,,,,,,General,,book,,book v.
1000,borrow,v.,A2,,,,,,General,,borrow,,borrow v.
1001,boss,n.,A2,,,,,,General,,boss,,boss n.
1002,bottom,"n., adj.",A2,,,,,,General,,bottom,,"bottom n., adj."
1003,bowl,n.,A2,,,,,,General,,bowl,,bowl n.
1004,brain,n.,A2,,,,,,General,,brain,,brain n.
1005,bridge,n.,A2,,,,,,General,,bridge,,bridge n.
1006,bright,adj.,A2,,,,,,General,,bright,,bright adj.
1007,brilliant,adj.,A2,,,,,,General,,brilliant,,brilliant adj.
1008,broken,adj.,A2,,,,,,General,,broken,,broken adj.
1009,brush,"v., n.",A2,,,,,,General,,brush,,"brush v., n."
1010,burn,v.,A2,,,,,,General,,burn,,burn v.
1011,businessman,n.,A2,,,,,,General,,businessman,,businessman n.
1012,button,n.,A2,,,,,,General,,button,,button n.
1013,camp,"n., v.",A2,,,,,,General,,camp,,"camp n., v."
1014,camping,n.,A2,,,,,,General,,camping,,camping n.
1015,can,n.,A2,,,,,,General,,can,sense 2,can2 n.
1016,care,"n., v.",A2,,,,,,General,,care,,"care n., v."
1017,careful,adj.,A2,,,,,,General,,careful,,careful adj.
1018,carefully,adv.,A2,,,,,,General,,carefully,,carefully adv.
1019,carpet,n.,A2,,,,,,General,,carpet,,carpet n.
1020,cartoon,n.,A2,,,,,,General,,cartoon,,cartoon n.
1021,case,n.,A2,,,,,,General,,case,,case n.
1022,cash,n.,A2,,,,,,General,,cash,,cash n.
1023,castle,n.,A2,,,,,,General,,castle,,castle n.
1024,catch,v.,A2,,,,,,General,,catch,,catch v.
1025,cause,"n., v.",A2,,,,,,General,,cause,,"cause n., v."
1026,celebrate,v.,A2,,,,,,General,,celebrate,,celebrate v.
1027,celebrity,n.,A2,,,,,,General,,celebrity,,celebrity n.
1028,certain,adj.,A2,,,,,,General,,certain,,certain adj.
1029,certainly,adv.,A2,,,,,,General,,certainly,,certainly adv.
1030,chance,n.,A2,,,,,,General,,chance,,chance n.
1031,character,n.,A2,,,,,,General,,character,,character n.
1032,charity,n.,A2,,,,,,General,,charity,,charity n.
1033,chat,"v., n.",A2,,,,,,General,,chat,,"chat v., n."
1034,check,n.,A2,,,,,,General,,check,,check n.
1035,chef,n.,A2,,,,,,General,,chef,,chef n.
1036,chemistry,n.,A2,,,,,,General,,chemistry,,chemistry n.
1037,chip,n.,A2,,,,,,General,,chip,,chip n.
1038,choice,n.,A2,,,,,,General,,choice,,choice n.
1039,church,n.,A2,,,,,,General,,church,,church n.
1040,cigarette,n.,A2,,,,,,General,,cigarette,,cigarette n.
1041,circle,"n., v.",A2,,,,,,General,,circle,,"circle n., v."
1042,classical,adj.,A2,,,,,,General,,classical,,classical adj.
1043,clear,adj.,A2,,,,,,General,,clear,,clear adj.
1044,clearly,adv.,A2,,,,,,General,,clearly,,clearly adv.
1045,clever,adj.,A2,,,,,,General,,clever,,clever adj.
1046,climate,n.,A2,,,,,,General,,climate,,climate n.
1047,close,adj.,A2,,,,,,General,,close,sense 2,close2 adj.
1048,closed,adj.,A2,,,,,,General,,closed,,closed adj.
1049,clothing,n.,A2,,,,,,General,,clothing,,clothing n.
1050,cloud,n.,A2,,,,,,General,,cloud,,cloud n.
1051,coach,n.,A2,,,,,,General,,coach,,coach n.
1052,coast,n.,A2,,,,,,General,,coast,,coast n.
1053,code,n.,A2,,,,,,General,,code,,code n.
1054,colleague,n.,A2,,,,,,General,,colleague,,colleague n.
1055,collect,v.,A2,,,,,,General,,collect,,collect v.
1056,column,n.,A2,,,,,,General,,column,,column n.
1057,comedy,n.,A2,,,,,,General,,comedy,,comedy n.
1058,comfortable,adj.,A2,,,,,,General,,comfortable,,comfortable adj.
1059,comment,n.,A2,,,,,,General,,comment,,comment n.
1060,communicate,v.,A2,,,,,,General,,communicate,,communicate v.
1061,community,n.,A2,,,,,,General,,community,,community n.
1062,compete,v.,A2,,,,,,General,,compete,,compete v.
1063,competition,n.,A2,,,,,,General,,competition,,competition n.
1064,complain,v.,A2,,,,,,General,,complain,,complain v.
1065,completely,adv.,A2,,,,,,General,,completely,,completely adv.
1066,condition,n.,A2,,,,,,General,,condition,,condition n.
1067,conference,n.,A2,,,,,,General,,conference,,conference n.
1068,connect,v.,A2,,,,,,General,,connect,,connect v.
1069,connected,adj.,A2,,,,,,General,,connected,,connected adj.
1070,consider,v.,A2,,,,,,General,,consider,,consider v.
1071,contain,v.,A2,,,,,,General,,contain,,contain v.
1072,context,n.,A2,,,,,,General,,context,,context n.
1073,continent,n.,A2,,,,,,General,,continent,,continent n.
1074,continue,v.,A2,,,,,,General,,continue,,continue v.
1075,control,"n., v.",A2,,,,,,General,,control,,"control n., v."
1076,cook,n.,A2,,,,,,General,,cook,,cook n.
1077,cooker,n.,A2,,,,,,General,,cooker,,cooker n.
1078,copy,"n., v.",A2,,,,,,General,,copy,,"copy n., v."
1079,corner,n.,A2,,,,,,General,,corner,,corner n.
1080,correctly,adv.,A2,,,,,,General,,correctly,,correctly adv.
1081,count,v.,A2,,,,,,General,,count,,count v.
1082,couple,n.,A2,,,,,,General,,couple,,couple n.
1083,cover,v.,A2,,,,,,General,,cover,,cover v.
1084,crazy,adj.,A2,,,,,,General,,crazy,,crazy adj.
1085,creative,adj.,A2,,,,,,General,,creative,,creative adj.
1086,credit,n.,A2,,,,,,General,,credit,,credit n.
1087,crime,n.,A2,,,,,,General,,crime,,crime n.
1088,criminal,n.,A2,,,,,,General,,criminal,,criminal n.
1089,cross,"v., n.",A2,,,,,,General,,cross,,"cross v., n."
1090,crowd,n.,A2,,,,,,General,,crowd,,crowd n.
1091,crowded,adj.,A2,,,,,,General,,crowded,,crowded adj.
1092,cry,v.,A2,,,,,,General,,cry,,cry v.
1093,cupboard,n.,A2,,,,,,General,,cupboard,,cupboard n.
1094,curly,adj.,A2,,,,,,General,,curly,,curly adj.
1095,cycle,"n., v.",A2,,,,,,General,,cycle,,"cycle n., v."
1096,daily,adj.,A2,,,,,,General,,daily,,daily adj.
1097,danger,n.,A2,,,,,,General,,danger,,danger n.
1098,dark,n.,A2,,,,,,General,,dark,,dark n.
1099,data,n.,A2,,,,,,General,,data,,data n.
1100,dead,adj.,A2,,,,,,General,,dead,,dead adj.
1101,deal,v.,A2,,,,,,General,,deal,,deal v.
1102,dear,exclam.,A2,,,,,,General,,dear,,dear exclam.
1103,death,n.,A2,,,,,,General,,death,,death n.
1104,decision,n.,A2,,,,,,General,,decision,,decision n.
1105,deep,adj.,A2,,,,,,General,,deep,,deep adj.
1106,definitely,adv.,A2,,,,,,General,,definitely,,definitely adv.
1107,degree,n.,A2,,,,,,General,,degree,,degree n.
1108,dentist,n.,A2,,,,,,General,,dentist,,dentist n.
1109,department,n.,A2,,,,,,General,,department,,department n.
1110,depend,v.,A2,,,,,,General,,depend,,depend v.
1111,desert,n.,A2,,,,,,General,,desert,,desert n.
1112,designer,n.,A2,,,,,,General,,designer,,designer n.
1113,destroy,v.,A2,,,,,,General,,destroy,,destroy v.
1114,detective,n.,A2,,,,,,General,,detective,,detective n.
1115,develop,v.,A2,,,,,,General,,develop,,develop v.
1116,device,n.,A2,,,,,,General,,device,,device n.
1117,diary,n.,A2,,,,,,General,,diary,,diary n.
1118,differently,adv.,A2,,,,,,General,,differently,,differently adv.
1119,digital,adj.,A2,,,,,,General,,digital,,digital adj.
1120,direct,adj.,A2,,,,,,General,,direct,,direct adj.
1121,direction,n.,A2,,,,,,General,,direction,,direction n.
1122,director,n.,A2,,,,,,General,,director,,director n.
1123,disagree,v.,A2,,,,,,General,,disagree,,disagree v.
1124,disappear,v.,A2,,,,,,General,,disappear,,disappear v.
1125,disaster,n.,A2,,,,,,General,,disaster,,disaster n.
1126,discover,v.,A2,,,,,,General,,discover,,discover v.
1127,discovery,n.,A2,,,,,,General,,discovery,,discovery n.
1128,discussion,n.,A2,,,,,,General,,discussion,,discussion n.
1129,disease,n.,A2,,,,,,General,,disease,,disease n.
1130,distance,n.,A2,,,,,,General,,distance,,distance n.
1131,divorced,adj.,A2,,,,,,General,,divorced,,divorced adj.
1132,document,n.,A2,,,,,,General,,document,,document n.
1133,double,"adj., det., pron., v.",A2,,,,,,General,,double,,"double adj., det., pron., v."
1134,download,"v., n.",A2,,,,,,General,,download,,"download v., n."
1135,downstairs,adj.,A2,,,,,,General,,downstairs,,downstairs adj.
1136,drama,n.,A2,,,,,,General,,drama,,drama n.
1137,drawing,n.,A2,,,,,,General,,drawing,,drawing n.
1138,dream,"n., v.",A2,,,,,,General,,dream,,"dream n., v."
1139,drive,n.,A2,,,,,,General,,drive,,drive n.
1140,driving,n.,A2,,,,,,General,,driving,,driving n.
1141,drop,v.,A2,,,,,,General,,drop,,drop v.
1142,drug,n.,A2,,,,,,General,,drug,,drug n.
1143,dry,"adj., v.",A2,,,,,,General,,dry,,"dry adj., v."
1144,earn,v.,A2,,,,,,General,,earn,,earn v.
1145,earth,n.,A2,,,,,,General,,earth,,earth n.
1146,easily,adv.,A2,,,,,,General,,easily,,easily adv.
1147,education,n.,A2,,,,,,General,,education,,education n.
1148,effect,n.,A2,,,,,,General,,effect,,effect n.
1149,either,"det./pron., adv.",A2,,,,,,General,,either,,"either det./pron., adv."
1150,electric,adj.,A2,,,,,,General,,electric,,electric adj.
1151,electrical,adj.,A2,,,,,,General,,electrical,,electrical adj.
1152,electricity,n.,A2,,,,,,General,,electricity,,electricity n.
1153,electronic,adj.,A2,,,,,,General,,electronic,,electronic adj.
1154,employ,v.,A2,,,,,,General,,employ,,employ v.
1155,employee,n.,A2,,,,,,General,,employee,,employee n.
1156,employer,n.,A2,,,,,,General,,employer,,employer n.
1157,empty,adj.,A2,,,,,,General,,empty,,empty adj.
1158,ending,n.,A2,,,,,,General,,ending,,ending n.
1159,energy,n.,A2,,,,,,General,,energy,,energy n.
1160,engine,n.,A2,,,,,,General,,engine,,engine n.
1161,engineer,n.,A2,,,,,,General,,engineer,,engineer n.
1162,enormous,adj.,A2,,,,,,General,,enormous,,enormous adj.
1163,enter,v.,A2,,,,,,General,,enter,,enter v.
1164,environment,n.,A2,,,,,,General,,environment,,environment n.
1165,equipment,n.,A2,,,,,,General,,equipment,,equipment n.
1166,error,n.,A2,,,,,,General,,error,,error n.
1167,especially,adv.,A2,,,,,,General,,especially,,especially adv.
1168,essay,n.,A2,,,,,,General,,essay,,essay n.
1169,everyday,adj.,A2,,,,,,General,,everyday,,everyday adj.
1170,everywhere,adv.,A2,,,,,,General,,everywhere,,everywhere adv.
1171,evidence,n.,A2,,,,,,General,,evidence,,evidence n.
1172,exact,adj.,A2,,,,,,General,,exact,,exact adj.
1173,exactly,adv.,A2,,,,,,General,,exactly,,exactly adv.
1174,excellent,adj.,A2,,,,,,General,,excellent,,excellent adj.
1175,except,prep.,A2,,,,,,General,,except,,except prep.
1176,exist,v.,A2,,,,,,General,,exist,,exist v.
1177,expect,v.,A2,,,,,,General,,expect,,expect v.
1178,experience,n.,A2,,,,,,General,,experience,,experience n.
1179,experiment,n.,A2,,,,,,General,,experiment,,experiment n.
1180,expert,"n.,adj.",A2,,,,,,General,,expert,,"expert n.,adj."
1181,explanation,n.,A2,,,,,,General,,explanation,,explanation n.
1182,express,v.,A2,,,,,,General,,express,,express v.
1183,expression,n.,A2,,,,,,General,,expression,,expression n.
1184,extreme,adj.,A2,,,,,,General,,extreme,,extreme adj.
1185,extremely,adv.,A2,,,,,,General,,extremely,,extremely adv.
1186,factor,n.,A2,,,,,,General,,factor,,factor n.
1187,factory,n.,A2,,,,,,General,,factory,,factory n.
1188,fail,v.,A2,,,,,,General,,fail,,fail v.
1189,fair,adj.,A2,,,,,,General,,fair,,fair adj.
1190,fall,n.,A2,,,,,,General,,fall,,fall n.
1191,fan,n.,A2,,,,,,General,,fan,,fan n.
1192,farm,v.,A2,,,,,,General,,farm,,farm v.
1193,farming,n.,A2,,,,,,General,,farming,,farming n.
1194,fashion,n.,A2,,,,,,General,,fashion,,fashion n.
1195,fat,n.,A2,,,,,,General,,fat,,fat n.
1196,fear,n.,A2,,,,,,General,,fear,,fear n.
1197,feature,n.,A2,,,,,,General,,feature,,feature n.
1198,feed,v.,A2,,,,,,General,,feed,,feed v.
1199,female,"adj., n.",A2,,,,,,General,,female,,"female adj., n."
1200,fiction,n.,A2,,,,,,General,,fiction,,fiction n.
1201,field,n.,A2,,,,,,General,,field,,field n.
1202,fight,"v., n.",A2,,,,,,General,,fight,,"fight v., n."
1203,figure,n.,A2,,,,,,General,,figure,,figure n.
1204,film,v.,A2,,,,,,General,,film,,film v.
1205,final,n.,A2,,,,,,General,,final,,final n.
1206,finally,adv.,A2,,,,,,General,,finally,,finally adv.
1207,finger,n.,A2,,,,,,General,,finger,,finger n.
1208,finish,n.,A2,,,,,,General,,finish,,finish n.
1209,first,n.,A2,,,,,,General,,first,,first n.
1210,firstly,adv.,A2,,,,,,General,,firstly,,firstly adv.
1211,fish,v.,A2,,,,,,General,,fish,,fish v.
1212,fishing,n.,A2,,,,,,General,,fishing,,fishing n.
1213,fit,"v., adj.",A2,,,,,,General,,fit,,"fit v., adj."
1214,fix,v.,A2,,,,,,General,,fix,,fix v.
1215,flat,adj.,A2,,,,,,General,,flat,,flat adj.
1216,flu,n.,A2,,,,,,General,,flu,,flu n.
1217,fly,n.,A2,,,,,,General,,fly,,fly n.
1218,flying,"n., adj.",A2,,,,,,General,,flying,,"flying n., adj."
1219,focus,"v., n.",A2,,,,,,General,,focus,,"focus v., n."
1220,following,adj.,A2,,,,,,General,,following,,following adj.
1221,foreign,adj.,A2,,,,,,General,,foreign,,foreign adj.
1222,forest,n.,A2,,,,,,General,,forest,,forest n.
1223,fork,n.,A2,,,,,,General,,fork,,fork n.
1224,formal,adj.,A2,,,,,,General,,formal,,formal adj.
1225,fortunately,adv.,A2,,,,,,General,,fortunately,,fortunately adv.
1226,forward,adv.,A2,,,,,,General,,forward,,forward adv.
1227,free,adv.,A2,,,,,,General,,free,,free adv.
1228,fresh,adj.,A2,,,,,,General,,fresh,,fresh adj.
1229,fridge,n.,A2,,,,,,General,,fridge,,fridge n.
1230,frog,n.,A2,,,,,,General,,frog,,frog n.
1231,fun,adj.,A2,,,,,,General,,fun,,fun adj.
1232,furniture,n.,A2,,,,,,General,,furniture,,furniture n.
1233,further,adj.,A2,,,,,,General,,further,,further adj.
1234,future,adj.,A2,,,,,,General,,future,,future adj.
1235,gallery,n.,A2,,,,,,General,,gallery,,gallery n.
1236,gap,n.,A2,,,,,,General,,gap,,gap n.
1237,gas,n.,A2,,,,,,General,,gas,,gas n.
1238,gate,n.,A2,,,,,,General,,gate,,gate n.
1239,general,adj.,A2,,,,,,General,,general,,general adj.
1240,gift,n.,A2,,,,,,General,,gift,,gift n.
1241,goal,n.,A2,,,,,,General,,goal,,goal n.
1242,god,n.,A2,,,,,,General,,god,,god n.
1243,gold,"n., adj.",A2,,,,,,General,,gold,,"gold n., adj."
1244,golf,n.,A2,,,,,,General,,golf,,golf n.
1245,good,n.,A2,,,,,,General,,good,,good n.
1246,government,n.,A2,,,,,,General,,government,,government n.
1247,grass,n.,A2,,,,,,General,,grass,,grass n.
1248,greet,v.,A2,,,,,,General,,greet,,greet v.
1249,ground,n.,A2,,,,,,General,,ground,,ground n.
1250,guest,n.,A2,,,,,,General,,guest,,guest n.
1251,guide,"n., v.",A2,,,,,,General,,guide,,"guide n., v."
1252,gun,n.,A2,,,,,,General,,gun,,gun n.
1253,guy,n.,A2,,,,,,General,,guy,,guy n.
1254,habit,n.,A2,,,,,,General,,habit,,habit n.
1255,half,adv.,A2,,,,,,General,,half,,half adv.
1256,hall,n.,A2,,,,,,General,,hall,,hall n.
1257,happily,adv.,A2,,,,,,General,,happily,,happily adv.
1258,have,auxiliary v.,A2,,,,,,General,,have,,have auxiliary v.
1259,headache,n.,A2,,,,,,General,,headache,,headache n.
1260,heart,n.,A2,,,,,,General,,heart,,heart n.
1261,heat,"n., v.",A2,,,,,,General,,heat,,"heat n., v."
1262,heavy,adj.,A2,,,,,,General,,heavy,,heavy adj.
1263,height,n.,A2,,,,,,General,,height,,height n.
1264,helpful,adj.,A2,,,,,,General,,helpful,,helpful adj.
1265,hero,n.,A2,,,,,,General,,hero,,hero n.
1266,hers,pron.,A2,,,,,,General,,hers,,hers pron.
1267,herself,pron.,A2,,,,,,General,,herself,,herself pron.
1268,hide,v.,A2,,,,,,General,,hide,,hide v.
1269,high,adv.,A2,,,,,,General,,high,,high adv.
1270,hill,n.,A2,,,,,,General,,hill,,hill n.
1271,himself,pron.,A2,,,,,,General,,himself,,himself pron.
1272,his,pron.,A2,,,,,,General,,his,,his pron.
1273,hit,"v., n.",A2,,,,,,General,,hit,,"hit v., n."
1274,hockey,n.,A2,,,,,,General,,hockey,,hockey n.
1275,hold,v.,A2,,,,,,General,,hold,,hold v.
1276,hole,n.,A2,,,,,,General,,hole,,hole n.
1277,home,adj.,A2,,,,,,General,,home,,home adj.
1278,hope,n.,A2,,,,,,General,,hope,,hope n.
1279,huge,adj.,A2,,,,,,General,,huge,,huge adj.
1280,human,"adj., n.",A2,,,,,,General,,human,,"human adj., n."
1281,hurt,"v., adj.",A2,,,,,,General,,hurt,,"hurt v., adj."
1282,ideal,adj.,A2,,,,,,General,,ideal,,ideal adj.
1283,identify,v.,A2,,,,,,General,,identify,,identify v.
1284,ill,adj.,A2,,,,,,General,,ill,,ill adj.
1285,illness,n.,A2,,,,,,General,,illness,,illness n.
1286,image,n.,A2,,,,,,General,,image,,image n.
1287,immediately,adv.,A2,,,,,,General,,immediately,,immediately adv.
1288,impossible,adj.,A2,,,,,,General,,impossible,,impossible adj.
1289,included,adj.,A2,,,,,,General,,included,,included adj.
1290,including,prep.,A2,,,,,,General,,including,,including prep.
1291,increase,"v., n.",A2,,,,,,General,,increase,,"increase v., n."
1292,incredible,adj.,A2,,,,,,General,,incredible,,incredible adj.
1293,independent,adj.,A2,,,,,,General,,independent,,independent adj.
1294,individual,"n., adj.",A2,,,,,,General,,individual,,"individual n., adj."
1295,industry,n.,A2,,,,,,General,,industry,,industry n.
1296,informal,adj.,A2,,,,,,General,,informal,,informal adj.
1297,injury,n.,A2,,,,,,General,,injury,,injury n.
1298,insect,n.,A2,,,,,,General,,insect,,insect n.
1299,inside,"prep., adv., n., adj.",A2,,,,,,General,,inside,,"inside prep., adv., n., adj."
1300,instead,adv.,A2,,,,,,General,,instead,,instead adv.
1301,instruction,n.,A2,,,,,,General,,instruction,,instruction n.
1302,instructor,n.,A2,,,,,,General,,instructor,,instructor n.
1303,instrument,n.,A2,,,,,,General,,instrument,,instrument n.
1304,intelligent,adj.,A2,,,,,,General,,intelligent,,intelligent adj.
1305,international,adj.,A2,,,,,,General,,international,,international adj.
1306,introduction,n.,A2,,,,,,General,,introduction,,introduction n.
1307,invent,v.,A2,,,,,,General,,invent,,invent v.
1308,invention,n.,A2,,,,,,General,,invention,,invention n.
1309,invitation,n.,A2,,,,,,General,,invitation,,invitation n.
1310,invite,v.,A2,,,,,,General,,invite,,invite v.
1311,involve,v.,A2,,,,,,General,,involve,,involve v.
1312,item,n.,A2,,,,,,General,,item,,item n.
1313,itself,pron.,A2,,,,,,General,,itself,,itself pron.
1314,jam,n.,A2,,,,,,General,,jam,,jam n.
1315,jazz,n.,A2,,,,,,General,,jazz,,jazz n.
1316,jewellery,n.,A2,,,,,,General,,jewellery,,jewellery n.
1317,joke,"n., v.",A2,,,,,,General,,joke,,"joke n., v."
1318,journalist,n.,A2,,,,,,General,,journalist,,journalist n.
1319,jump,"v., n.",A2,,,,,,General,,jump,,"jump v., n."
1320,kid,n.,A2,,,,,,General,,kid,,kid n.
1321,kill,v.,A2,,,,,,General,,kill,,kill v.
1322,king,n.,A2,,,,,,General,,king,,king n.
1323,knee,n.,A2,,,,,,General,,knee,,knee n.
1324,knife,n.,A2,,,,,,General,,knife,,knife n.
1325,knock,v.,A2,,,,,,General,,knock,,knock v.
1326,knowledge,n.,A2,,,,,,General,,knowledge,,knowledge n.
1327,lab,n.,A2,,,,,,General,,lab,,lab n.
1328,lady,n.,A2,,,,,,General,,lady,,lady n.
1329,lake,n.,A2,,,,,,General,,lake,,lake n.
1330,lamp,n.,A2,,,,,,General,,lamp,,lamp n.
1331,land,v.,A2,,,,,,General,,land,,land v.
1332,laptop,n.,A2,,,,,,General,,laptop,,laptop n.
1333,last,"adv. , n.",A2,,,,,,General,,last,final,"last1 (final) adv. , n."
1334,last,v.,A2,,,,,,General,,last,taking time,last1 (taking time) v.
1335,later,adj.,A2,,,,,,General,,later,,later adj.
1336,laughter,n.,A2,,,,,,General,,laughter,,laughter n.
1337,law,n.,A2,,,,,,General,,law,,law n.
1338,lawyer,n.,A2,,,,,,General,,lawyer,,lawyer n.
1339,lazy,adj.,A2,,,,,,General,,lazy,,lazy adj.
1340,lead,v.,A2,,,,,,General,,lead,sense 1,lead1 v.
1341,leader,n.,A2,,,,,,General,,leader,,leader n.
1342,learning,n.,A2,,,,,,General,,learning,,learning n.
1343,least,"det./pron., adv.",A2,,,,,,General,,least,,"least det./pron., adv."
1344,lecture,"n., v.",A2,,,,,,General,,lecture,,"lecture n., v."
1345,lemon,n.,A2,,,,,,General,,lemon,,lemon n.
1346,lend,v.,A2,,,,,,General,,lend,,lend v.
1347,less,"det./pron., adv.",A2,,,,,,General,,less,,"less det./pron., adv."
1348,level,n.,A2,,,,,,General,,level,,level n.
1349,lifestyle,n.,A2,,,,,,General,,lifestyle,,lifestyle n.
1350,lift,"v., n.",A2,,,,,,General,,lift,,"lift v., n."
1351,light,v.,A2,,,,,,General,,light,from the sun/a lamp,light (from the sun/a lamp) v.
1352,light,adj.,A2,,,,,,General,,light,not heavy,light (not heavy) adj.
1353,likely,adj.,A2,,,,,,General,,likely,,likely adj.
1354,link,"n., v.",A2,,,,,,General,,link,,"link n., v."
1355,listener,n.,A2,,,,,,General,,listener,,listener n.
1356,little,adv.,A2,,,,,,General,,little,,little adv.
1357,lock,"v., n.",A2,,,,,,General,,lock,,"lock v., n."
1358,look,n.,A2,,,,,,General,,look,,look n.
1359,lorry,n.,A2,,,,,,General,,lorry,,lorry n.
1360,lost,adj.,A2,,,,,,General,,lost,,lost adj.
1361,loud,"adj., adv.",A2,,,,,,General,,loud,,"loud adj., adv."
1362,loudly,adv.,A2,,,,,,General,,loudly,,loudly adv.
1363,lovely,adj.,A2,,,,,,General,,lovely,,lovely adj.
1364,low,"adj., adv.",A2,,,,,,General,,low,,"low adj., adv."
1365,luck,n.,A2,,,,,,General,,luck,,luck n.
1366,lucky,adj.,A2,,,,,,General,,lucky,,lucky adj.
1367,mail,"n., v.",A2,,,,,,General,,mail,,"mail n., v."
1368,major,adj.,A2,,,,,,General,,major,,major adj.
1369,male,"adj., n.",A2,,,,,,General,,male,,"male adj., n."
1370,manage,v.,A2,,,,,,General,,manage,,manage v.
1371,manager,n.,A2,,,,,,General,,manager,,manager n.
1372,manner,n.,A2,,,,,,General,,manner,,manner n.
1373,mark,"v., n.",A2,,,,,,General,,mark,,"mark v., n."
1374,marry,v.,A2,,,,,,General,,marry,,marry v.
1375,material,n.,A2,,,,,,General,,material,,material n.
1376,mathematics,n.,A2,,,,,,General,,mathematics,,mathematics n.
1377,maths,n.,A2,,,,,,General,,maths,,maths n.
1378,matter,"n., v.",A2,,,,,,General,,matter,,"matter n., v."
1379,may,modal v.,A2,,,,,,General,,may,,may modal v.
1380,media,n.,A2,,,,,,General,,media,,media n.
1381,medical,adj.,A2,,,,,,General,,medical,,medical adj.
1382,medicine,n.,A2,,,,,,General,,medicine,,medicine n.
1383,memory,n.,A2,,,,,,General,,memory,,memory n.
1384,mention,v.,A2,,,,,,General,,mention,,mention v.
1385,metal,n.,A2,,,,,,General,,metal,,metal n.
1386,method,n.,A2,,,,,,General,,method,,method n.
1387,middle,"n., adj.",A2,,,,,,General,,middle,,"middle n., adj."
1388,might,modal v.,A2,,,,,,General,,might,,might modal v.
1389,mind,"n., v.",A2,,,,,,General,,mind,,"mind n., v."
1390,mine,pron.,A2,,,,,,General,,mine,belongs to me,mine (belongs to me) pron.
1391,mirror,n.,A2,,,,,,General,,mirror,,mirror n.
1392,missing,adj.,A2,,,,,,General,,missing,,missing adj.
1393,mobile,"adj., n.",A2,,,,,,General,,mobile,,"mobile adj., n."
1394,monkey,n.,A2,,,,,,General,,monkey,,monkey n.
1395,moon,n.,A2,,,,,,General,,moon,,moon n.
1396,mostly,adv.,A2,,,,,,General,,mostly,,mostly adv.
1397,motorcycle,n.,A2,,,,,,General,,motorcycle,,motorcycle n.
1398,movement,n.,A2,,,,,,General,,movement,,movement n.
1399,musical,adj.,A2,,,,,,General,,musical,,musical adj.
1400,musician,n.,A2,,,,,,General,,musician,,musician n.
1401,myself,pron.,A2,,,,,,General,,myself,,myself pron.
1402,narrow,adj.,A2,,,,,,General,,narrow,,narrow adj.
1403,national,adj.,A2,,,,,,General,,national,,national adj.
1404,nature,n.,A2,,,,,,General,,nature,,nature n.
1405,nearly,adv.,A2,,,,,,General,,nearly,,nearly adv.
1406,necessary,adj.,A2,,,,,,General,,necessary,,necessary adj.
1407,neck,n.,A2,,,,,,General,,neck,,neck n.
1408,need,n.,A2,,,,,,General,,need,,need n.
1409,neither,det./pron.,A2,,,,,,General,,neither,,neither det./pron.
1410,nervous,adj.,A2,,,,,,General,,nervous,,nervous adj.
1411,network,n.,A2,,,,,,General,,network,,network n.
1412,noise,n.,A2,,,,,,General,,noise,,noise n.
1413,noisy,adj.,A2,,,,,,General,,noisy,,noisy adj.
1414,none,pron.,A2,,,,,,General,,none,,none pron.
1415,normal,adj.,A2,,,,,,General,,normal,,normal adj.
1416,normally,adv.,A2,,,,,,General,,normally,,normally adv.
1417,notice,"v., n.",A2,,,,,,General,,notice,,"notice v., n."
1418,novel,n.,A2,,,,,,General,,novel,,novel n.
1419,nowhere,adv.,A2,,,,,,General,,nowhere,,nowhere adv.
1420,number,v.,A2,,,,,,General,,number,,number v.
1421,nut,n.,A2,,,,,,General,,nut,,nut n.
1422,ocean,n.,A2,,,,,,General,,ocean,,ocean n.
1423,offer,"v., n.",A2,,,,,,General,,offer,,"offer v., n."
1424,officer,n.,A2,,,,,,General,,officer,,officer n.
1425,oil,n.,A2,,,,,,General,,oil,,oil n.
1426,onto,prep.,A2,,,,,,General,,onto,,onto prep.
1427,opportunity,n.,A2,,,,,,General,,opportunity,,opportunity n.
1428,option,n.,A2,,,,,,General,,option,,option n.
1429,ordinary,adj.,A2,,,,,,General,,ordinary,,ordinary adj.
1430,organization,n.,A2,,,,,,General,,organization,,organization n.
1431,organize,v.,A2,,,,,,General,,organize,,organize v.
1432,original,adj.,A2,,,,,,General,,original,,original adj.
1433,ourselves,pron.,A2,,,,,,General,,ourselves,,ourselves pron.
1434,outside,"prep., n., adj.",A2,,,,,,General,,outside,,"outside prep., n., adj."
1435,oven,n.,A2,,,,,,General,,oven,,oven n.
1436,own,v.,A2,,,,,,General,,own,,own v.
1437,owner,n.,A2,,,,,,General,,owner,,owner n.
1438,pack,v.,A2,,,,,,General,,pack,,pack v.
1439,pain,n.,A2,,,,,,General,,pain,,pain n.
1440,painter,n.,A2,,,,,,General,,painter,,painter n.
1441,palace,n.,A2,,,,,,General,,palace,,palace n.
1442,pants,n.,A2,,,,,,General,,pants,,pants n.
1443,parking,n.,A2,,,,,,General,,parking,,parking n.
1444,particular,adj.,A2,,,,,,General,,particular,,particular adj.
1445,pass,v.,A2,,,,,,General,,pass,,pass v.
1446,passenger,n.,A2,,,,,,General,,passenger,,passenger n.
1447,past,adv.,A2,,,,,,General,,past,,past adv.
1448,patient,n.,A2,,,,,,General,,patient,,patient n.
1449,pattern,n.,A2,,,,,,General,,pattern,,pattern n.
1450,pay,n.,A2,,,,,,General,,pay,,pay n.
1451,peace,n.,A2,,,,,,General,,peace,,peace n.
1452,penny,n.,A2,,,,,,General,,penny,,penny n.
1453,per,prep.,A2,,,,,,General,,per,,per prep.
1454,per cent,"n., adj./adv.",A2,,,,,,General,,per_cent,,"per cent n., adj./adv."
1455,perform,v.,A2,,,,,,General,,perform,,perform v.
1456,perhaps,adv.,A2,,,,,,General,,perhaps,,perhaps adv.
1457,permission,n.,A2,,,,,,General,,permission,,permission n.
1458,personality,n.,A2,,,,,,General,,personality,,personality n.
1459,pet,n.,A2,,,,,,General,,pet,,pet n.
1460,petrol,n.,A2,,,,,,General,,petrol,,petrol n.
1461,photograph,v.,A2,,,,,,General,,photograph,,photograph v.
1462,physical,adj.,A2,,,,,,General,,physical,,physical adj.
1463,physics,n.,A2,,,,,,General,,physics,,physics n.
1464,pick,v.,A2,,,,,,General,,pick,,pick v.
1465,pilot,n.,A2,,,,,,General,,pilot,,pilot n.
1466,planet,n.,A2,,,,,,General,,planet,,planet n.
1467,plant,v.,A2,,,,,,General,,plant,,plant v.
1468,plastic,"n., adj.",A2,,,,,,General,,plastic,,"plastic n., adj."
1469,plate,n.,A2,,,,,,General,,plate,,plate n.
1470,platform,n.,A2,,,,,,General,,platform,,platform n.
1471,please,v.,A2,,,,,,General,,please,,please v.
1472,pleased,adj.,A2,,,,,,General,,pleased,,pleased adj.
1473,pocket,n.,A2,,,,,,General,,pocket,,pocket n.
1474,polite,adj.,A2,,,,,,General,,polite,,polite adj.
1475,pollution,n.,A2,,,,,,General,,pollution,,pollution n.
1476,pop,"n., adj.",A2,,,,,,General,,pop,,"pop n., adj."
1477,population,n.,A2,,,,,,General,,population,,population n.
1478,position,n.,A2,,,,,,General,,position,,position n.
1479,possession,n.,A2,,,,,,General,,possession,,possession n.
1480,possibility,n.,A2,,,,,,General,,possibility,,possibility n.
1481,poster,n.,A2,,,,,,General,,poster,,poster n.
1482,power,n.,A2,,,,,,General,,power,,power n.
1483,predict,v.,A2,,,,,,General,,predict,,predict v.
1484,present,v.,A2,,,,,,General,,present,,present v.
1485,president,n.,A2,,,,,,General,,president,,president n.
1486,prevent,v.,A2,,,,,,General,,prevent,,prevent v.
1487,print,v.,A2,,,,,,General,,print,,print v.
1488,printer,n.,A2,,,,,,General,,printer,,printer n.
1489,prison,n.,A2,,,,,,General,,prison,,prison n.
1490,prize,n.,A2,,,,,,General,,prize,,prize n.
1491,process,n.,A2,,,,,,General,,process,,process n.
1492,produce,v.,A2,,,,,,General,,produce,,produce v.
1493,professional,adj.,A2,,,,,,General,,professional,,professional adj.
1494,professor,n.,A2,,,,,,General,,professor,,professor n.
1495,profile,n.,A2,,,,,,General,,profile,,profile n.
1496,program,n.,A2,,,,,,General,,program,,program n.
1497,progress,n.,A2,,,,,,General,,progress,,progress n.
1498,promise,"v., n.",A2,,,,,,General,,promise,,"promise v., n."
1499,pronounce,v.,A2,,,,,,General,,pronounce,,pronounce v.
1500,protect,v.,A2,,,,,,General,,protect,,protect v.
1501,provide,v.,A2,,,,,,General,,provide,,provide v.
1502,pub,n.,A2,,,,,,General,,pub,,pub n.
1503,public,"adj., n.",A2,,,,,,General,,public,,"public adj., n."
1504,publish,v.,A2,,,,,,General,,publish,,publish v.
1505,pull,v.,A2,,,,,,General,,pull,,pull v.
1506,purpose,n.,A2,,,,,,General,,purpose,,purpose n.
1507,push,v.,A2,,,,,,General,,push,,push v.
1508,quality,n.,A2,,,,,,General,,quality,,quality n.
1509,quantity,n.,A2,,,,,,General,,quantity,,quantity n.
1510,queen,n.,A2,,,,,,General,,queen,,queen n.
1511,question,v.,A2,,,,,,General,,question,,question v.
1512,quietly,adv.,A2,,,,,,General,,quietly,,quietly adv.
1513,race,"n., v.",A2,,,,,,General,,race,competition,"race (competition) n., v."
1514,railway,n.,A2,,,,,,General,,railway,,railway n.
1515,raise,v.,A2,,,,,,General,,raise,,raise v.
1516,rate,n.,A2,,,,,,General,,rate,,rate n.
1517,rather,adv.,A2,,,,,,General,,rather,,rather adv.
1518,reach,v.,A2,,,,,,General,,reach,,reach v.
1519,react,v.,A2,,,,,,General,,react,,react v.
1520,realize,v.,A2,,,,,,General,,realize,,realize v.
1521,receive,v.,A2,,,,,,General,,receive,,receive v.
1522,recent,adj.,A2,,,,,,General,,recent,,recent adj.
1523,recently,adv.,A2,,,,,,General,,recently,,recently adv.
1524,reception,n.,A2,,,,,,General,,reception,,reception n.
1525,recipe,n.,A2,,,,,,General,,recipe,,recipe n.
1526,recognize,v.,A2,,,,,,General,,recognize,,recognize v.
1527,recommend,v.,A2,,,,,,General,,recommend,,recommend v.
1528,record,"n., v.",A2,,,,,,General,,record,,"record n., v."
1529,recording,n.,A2,,,,,,General,,recording,,recording n.
1530,recycle,v.,A2,,,,,,General,,recycle,,recycle v.
1531,reduce,v.,A2,,,,,,General,,reduce,,reduce v.
1532,refer,v.,A2,,,,,,General,,refer,,refer v.
1533,refuse,v.,A2,,,,,,General,,refuse,sense 1,refuse1  v.
1534,region,n.,A2,,,,,,General,,region,,region n.
1535,regular,adj.,A2,,,,,,General,,regular,,regular adj.
1536,relationship,n.,A2,,,,,,General,,relationship,,relationship n.
1537,remove,v.,A2,,,,,,General,,remove,,remove v.
1538,repair,v.,A2,,,,,,General,,repair,,repair v.
1539,replace,v.,A2,,,,,,General,,replace,,replace v.
1540,reply,"v., n.",A2,,,,,,General,,reply,,"reply v., n."
1541,report,v.,A2,,,,,,General,,report,,report v.
1542,reporter,n.,A2,,,,,,General,,reporter,,reporter n.
1543,request,n.,A2,,,,,,General,,request,,request n.
1544,research,"n., v.",A2,,,,,,General,,research,,"research n., v."
1545,researcher,n.,A2,,,,,,General,,researcher,,researcher n.
1546,respond,v.,A2,,,,,,General,,respond,,respond v.
1547,response,n.,A2,,,,,,General,,response,,response n.
1548,rest,n.,A2,,,,,,General,,rest,remaining part,rest (remaining part) n.
1549,rest,"n., v.",A2,,,,,,General,,rest,sleep/relax,"rest (sleep/relax) n., v."
1550,review,"n., v.",A2,,,,,,General,,review,,"review n., v."
1551,ride,n.,A2,,,,,,General,,ride,,ride n.
1552,ring,n.,A2,,,,,,General,,ring,sense 1,ring1 n.
1553,ring,v.,A2,,,,,,General,,ring,sense 2,ring2 v.
1554,rise,v.,A2,,,,,,General,,rise,,rise v.
1555,rock,n.,A2,,,,,,General,,rock,stone,rock (stone) n.
1556,rock,n.,A2,,,,,,General,,rock,music,rock (music) n.
1557,role,n.,A2,,,,,,General,,role,,role n.
1558,roof,n.,A2,,,,,,General,,roof,,roof n.
1559,round,"adj., adv., prep.",A2,,,,,,General,,round,,"round adj., adv., prep."
1560,route,n.,A2,,,,,,General,,route,,route n.
1561,rubbish,n.,A2,,,,,,General,,rubbish,,rubbish n.
1562,rude,adj.,A2,,,,,,General,,rude,,rude adj.
1563,run,n.,A2,,,,,,General,,run,,run n.
1564,runner,n.,A2,,,,,,General,,runner,,runner n.
1565,running,n.,A2,,,,,,General,,running,,running n.
1566,sadly,adv.,A2,,,,,,General,,sadly,,sadly adv.
1567,safe,adj.,A2,,,,,,General,,safe,,safe adj.
1568,sail,v.,A2,,,,,,General,,sail,,sail v.
1569,sailing,n.,A2,,,,,,General,,sailing,,sailing n.
1570,salary,n.,A2,,,,,,General,,salary,,salary n.
1571,sale,n.,A2,,,,,,General,,sale,,sale n.
1572,sauce,n.,A2,,,,,,General,,sauce,,sauce n.
1573,save,v.,A2,,,,,,General,,save,,save v.
1574,scared,adj.,A2,,,,,,General,,scared,,scared adj.
1575,scary,adj.,A2,,,,,,General,,scary,,scary adj.
1576,scene,n.,A2,,,,,,General,,scene,,scene n.
1577,schedule,n.,A2,,,,,,General,,schedule,,schedule n.
1578,score,"v., n.",A2,,,,,,General,,score,,"score v., n."
1579,screen,n.,A2,,,,,,General,,screen,,screen n.
1580,search,"n., v.",A2,,,,,,General,,search,,"search n., v."
1581,season,n.,A2,,,,,,General,,season,,season n.
1582,seat,n.,A2,,,,,,General,,seat,,seat n.
1583,second,adv.,A2,,,,,,General,,second,next after the first,second1 (next after the first) adv.
1584,secondly,adv.,A2,,,,,,General,,secondly,,secondly adv.
1585,secret,"adj., n.",A2,,,,,,General,,secret,,"secret adj., n."
1586,secretary,n.,A2,,,,,,General,,secretary,,secretary n.
1587,seem,v.,A2,,,,,,General,,seem,,seem v.
1588,sense,n.,A2,,,,,,General,,sense,,sense n.
1589,separate,adj.,A2,,,,,,General,,separate,,separate adj.
1590,series,n.,A2,,,,,,General,,series,,series n.
1591,serious,adj.,A2,,,,,,General,,serious,,serious adj.
1592,serve,v.,A2,,,,,,General,,serve,,serve v.
1593,service,n.,A2,,,,,,General,,service,,service n.
1594,several,det./pron.,A2,,,,,,General,,several,,several det./pron.
1595,shake,v.,A2,,,,,,General,,shake,,shake v.
1596,shall,modal v.,A2,,,,,,General,,shall,,shall modal v.
1597,shape,n.,A2,,,,,,General,,shape,,shape n.
1598,sheet,n.,A2,,,,,,General,,sheet,,sheet n.
1599,ship,n.,A2,,,,,,General,,ship,,ship n.
1600,shoulder,n.,A2,,,,,,General,,shoulder,,shoulder n.
1601,shout,"v., n.",A2,,,,,,General,,shout,,"shout v., n."
1602,shut,"v., adj.",A2,,,,,,General,,shut,,"shut v., adj."
1603,side,n.,A2,,,,,,General,,side,,side n.
1604,sign,"n., v.",A2,,,,,,General,,sign,,"sign n., v."
1605,silver,"n., adj.",A2,,,,,,General,,silver,,"silver n., adj."
1606,simple,adj.,A2,,,,,,General,,simple,,simple adj.
1607,since,"prep., conj.",A2,,,,,,General,,since,,"since prep., conj."
1608,singing,n.,A2,,,,,,General,,singing,,singing n.
1609,single,"adj., n.",A2,,,,,,General,,single,,"single adj., n."
1610,sir,n.,A2,,,,,,General,,sir,,sir n.
1611,site,n.,A2,,,,,,General,,site,,site n.
1612,size,n.,A2,,,,,,General,,size,,size n.
1613,ski,"v., adj., n.",A2,,,,,,General,,ski,,"ski v., adj., n."
1614,skiing,n.,A2,,,,,,General,,skiing,,skiing n.
1615,skin,n.,A2,,,,,,General,,skin,,skin n.
1616,sky,n.,A2,,,,,,General,,sky,,sky n.
1617,sleep,n.,A2,,,,,,General,,sleep,,sleep n.
1618,slowly,adv.,A2,,,,,,General,,slowly,,slowly adv.
1619,smartphone,n.,A2,,,,,,General,,smartphone,,smartphone n.
1620,smell,"v., n.",A2,,,,,,General,,smell,,"smell v., n."
1621,smile,"v., n.",A2,,,,,,General,,smile,,"smile v., n."
1622,smoke,"n., v.",A2,,,,,,General,,smoke,,"smoke n., v."
1623,smoking,n.,A2,,,,,,General,,smoking,,smoking n.
1624,soap,n.,A2,,,,,,General,,soap,,soap n.
1625,soccer,n.,A2,,,,,,General,,soccer,,soccer n.
1626,social,adj.,A2,,,,,,General,,social,,social adj.
1627,society,n.,A2,,,,,,General,,society,,society n.
1628,sock,n.,A2,,,,,,General,,sock,,sock n.
1629,soft,adj.,A2,,,,,,General,,soft,,soft adj.
1630,soldier,n.,A2,,,,,,General,,soldier,,soldier n.
1631,solution,n.,A2,,,,,,General,,solution,,solution n.
1632,solve,v.,A2,,,,,,General,,solve,,solve v.
1633,somewhere,"adv., pron.",A2,,,,,,General,,somewhere,,"somewhere adv., pron."
1634,sort,n.,A2,,,,,,General,,sort,,sort n.
1635,source,n.,A2,,,,,,General,,source,,source n.
1636,speaker,n.,A2,,,,,,General,,speaker,,speaker n.
1637,specific,adj.,A2,,,,,,General,,specific,,specific adj.
1638,speech,n.,A2,,,,,,General,,speech,,speech n.
1639,speed,n.,A2,,,,,,General,,speed,,speed n.
1640,spider,n.,A2,,,,,,General,,spider,,spider n.
1641,spoon,n.,A2,,,,,,General,,spoon,,spoon n.
1642,square,"adj., n.",A2,,,,,,General,,square,,"square adj., n."
1643,stage,n.,A2,,,,,,General,,stage,,stage n.
1644,stair,n.,A2,,,,,,General,,stair,,stair n.
1645,stamp,n.,A2,,,,,,General,,stamp,,stamp n.
1646,star,v.,A2,,,,,,General,,star,,star v.
1647,start,n.,A2,,,,,,General,,start,,start n.
1648,state,n.,A2,,,,,,General,,state,,state n.
1649,stay,n.,A2,,,,,,General,,stay,,stay n.
1650,steal,v.,A2,,,,,,General,,steal,,steal v.
1651,step,n.,A2,,,,,,General,,step,,step n.
1652,stomach,n.,A2,,,,,,General,,stomach,,stomach n.
1653,stone,n.,A2,,,,,,General,,stone,,stone n.
1654,store,n.,A2,,,,,,General,,store,,store n.
1655,storm,n.,A2,,,,,,General,,storm,,storm n.
1656,straight,"adv., adj.",A2,,,,,,General,,straight,,"straight adv., adj."
1657,strange,adj.,A2,,,,,,General,,strange,,strange adj.
1658,strategy,n.,A2,,,,,,General,,strategy,,strategy n.
1659,stress,"n., v.",A2,,,,,,General,,stress,,"stress n., v."
1660,structure,n.,A2,,,,,,General,,structure,,structure n.
1661,stupid,adj.,A2,,,,,,General,,stupid,,stupid adj.
1662,succeed,v.,A2,,,,,,General,,succeed,,succeed v.
1663,successful,adj.,A2,,,,,,General,,successful,,successful adj.
1664,such,det./pron.,A2,,,,,,General,,such,,such det./pron.
1665,suddenly,adv.,A2,,,,,,General,,suddenly,,suddenly adv.
1666,suggest,v.,A2,,,,,,General,,suggest,,suggest v.
1667,suggestion,n.,A2,,,,,,General,,suggestion,,suggestion n.
1668,suit,n.,A2,,,,,,General,,suit,,suit n.
1669,support,"v., n.",A2,,,,,,General,,support,,"support v., n."
1670,suppose,v.,A2,,,,,,General,,suppose,,suppose v.
1671,sure,adv.,A2,,,,,,General,,sure,,sure adv.
1672,surprise,"n., v.",A2,,,,,,General,,surprise,,"surprise n., v."
1673,surprised,adj.,A2,,,,,,General,,surprised,,surprised adj.
1674,surprising,adj.,A2,,,,,,General,,surprising,,surprising adj.
1675,survey,n.,A2,,,,,,General,,survey,,survey n.
1676,sweet,"adj., n.",A2,,,,,,General,,sweet,,"sweet adj., n."
1677,symbol,n.,A2,,,,,,General,,symbol,,symbol n.
1678,system,n.,A2,,,,,,General,,system,,system n.
1679,tablet,n.,A2,,,,,,General,,tablet,,tablet n.
1680,talk,n.,A2,,,,,,General,,talk,,talk n.
1681,target,n.,A2,,,,,,General,,target,,target n.
1682,task,n.,A2,,,,,,General,,task,,task n.
1683,taste,"n., v.",A2,,,,,,General,,taste,,"taste n., v."
1684,teaching,n.,A2,,,,,,General,,teaching,,teaching n.
1685,technology,n.,A2,,,,,,General,,technology,,technology n.
1686,teenage,adj.,A2,,,,,,General,,teenage,,teenage adj.
1687,temperature,n.,A2,,,,,,General,,temperature,,temperature n.
1688,term,n.,A2,,,,,,General,,term,,term n.
1689,text,v.,A2,,,,,,General,,text,,text v.
1690,themselves,pron.,A2,,,,,,General,,themselves,,themselves pron.
1691,thick,adj.,A2,,,,,,General,,thick,,thick adj.
1692,thief,n.,A2,,,,,,General,,thief,,thief n.
1693,thin,adj.,A2,,,,,,General,,thin,,thin adj.
1694,thinking,n.,A2,,,,,,General,,thinking,,thinking n.
1695,third,n.,A2,,,,,,General,,third,,third n.
1696,thought,n.,A2,,,,,,General,,thought,,thought n.
1697,throw,v.,A2,,,,,,General,,throw,,throw v.
1698,tidy,"adj., v.",A2,,,,,,General,,tidy,,"tidy adj., v."
1699,tie,"v., n.",A2,,,,,,General,,tie,,"tie v., n."
1700,tip,n.,A2,,,,,,General,,tip,,tip n.
1701,tool,n.,A2,,,,,,General,,tool,,tool n.
1702,top,"n., adj.",A2,,,,,,General,,top,,"top n., adj."
1703,touch,v.,A2,,,,,,General,,touch,,touch v.
1704,tour,n.,A2,,,,,,General,,tour,,tour n.
1705,tourism,n.,A2,,,,,,General,,tourism,,tourism n.
1706,towards,prep.,A2,,,,,,General,,towards,,towards prep.
1707,towel,n.,A2,,,,,,General,,towel,,towel n.
1708,tower,n.,A2,,,,,,General,,tower,,tower n.
1709,toy,"n., adj.",A2,,,,,,General,,toy,,"toy n., adj."
1710,track,n.,A2,,,,,,General,,track,,track n.
1711,tradition,n.,A2,,,,,,General,,tradition,,tradition n.
1712,traditional,adj.,A2,,,,,,General,,traditional,,traditional adj.
1713,train,v.,A2,,,,,,General,,train,,train v.
1714,trainer,n.,A2,,,,,,General,,trainer,,trainer n.
1715,training,n.,A2,,,,,,General,,training,,training n.
1716,transport,n.,A2,,,,,,General,,transport,,transport n.
1717,traveller,n.,A2,,,,,,General,,traveller,,traveller n.
1718,trouble,n.,A2,,,,,,General,,trouble,,trouble n.
1719,truck,n.,A2,,,,,,General,,truck,,truck n.
1720,twin,"n., adj.",A2,,,,,,General,,twin,,"twin n., adj."
1721,typical,adj.,A2,,,,,,General,,typical,,typical adj.
1722,underground,"adj., adv.",A2,,,,,,General,,underground,,"underground adj., adv."
1723,understanding,n.,A2,,,,,,General,,understanding,,understanding n.
1724,unfortunately,adv.,A2,,,,,,General,,unfortunately,,unfortunately adv.
1725,unhappy,adj.,A2,,,,,,General,,unhappy,,unhappy adj.
1726,uniform,n.,A2,,,,,,General,,uniform,,uniform n.
1727,unit,n.,A2,,,,,,General,,unit,,unit n.
1728,united,adj.,A2,,,,,,General,,united,,united adj.
1729,unusual,adj.,A2,,,,,,General,,unusual,,unusual adj.
1730,upstairs,adj.,A2,,,,,,General,,upstairs,,upstairs adj.
1731,use,n.,A2,,,,,,General,,use,,use n.
1732,used to,modal v.,A2,,,,,,General,,used_to,,used to modal v.
1733,user,n.,A2,,,,,,General,,user,,user n.
1734,usual,adj.,A2,,,,,,General,,usual,,usual adj.
1735,valley,n.,A2,,,,,,General,,valley,,valley n.
1736,van,n.,A2,,,,,,General,,van,,van n.
1737,variety,n.,A2,,,,,,General,,variety,,variety n.
1738,vehicle,n.,A2,,,,,,General,,vehicle,,vehicle n.
1739,view,n.,A2,,,,,,General,,view,,view n.
1740,virus,n.,A2,,,,,,General,,virus,,virus n.
1741,voice,n.,A2,,,,,,General,,voice,,voice n.
1742,wait,n.,A2,,,,,,General,,wait,,wait n.
1743,war,n.,A2,,,,,,General,,war,,war n.
1744,wash,n.,A2,,,,,,General,,wash,,wash n.
1745,washing,n.,A2,,,,,,General,,washing,,washing n.
1746,wave,n.,A2,,,,,,General,,wave,,wave n.
1747,weak,adj.,A2,,,,,,General,,weak,,weak adj.
1748,web,n.,A2,,,,,,General,,web,,web n.
1749,wedding,n.,A2,,,,,,General,,wedding,,wedding n.
1750,weight,n.,A2,,,,,,General,,weight,,weight n.
1751,welcome,n.,A2,,,,,,General,,welcome,,welcome n.
1752,wet,adj.,A2,,,,,,General,,wet,,wet adj.
1753,wheel,n.,A2,,,,,,General,,wheel,,wheel n.
1754,while,conj.,A2,,,,,,General,,while,,while conj.
1755,whole,adj.,A2,,,,,,General,,whole,,whole adj.
1756,whose,det./pron.,A2,,,,,,General,,whose,,whose det./pron.
1757,wide,adj.,A2,,,,,,General,,wide,,wide adj.
1758,wild,adj.,A2,,,,,,General,,wild,,wild adj.
1759,wind,n.,A2,,,,,,General,,wind,sense 1,wind1 n.
1760,winner,n.,A2,,,,,,General,,winner,,winner n.
1761,wish,"v., n.",A2,,,,,,General,,wish,,"wish v., n."
1762,wood,n.,A2,,,,,,General,,wood,,wood n.
1763,wooden,adj.,A2,,,,,,General,,wooden,,wooden adj.
1764,working,adj.,A2,,,,,,General,,working,,working adj.
1765,worried,adj.,A2,,,,,,General,,worried,,worried adj.
1766,worry,v.,A2,,,,,,General,,worry,,worry v.
1767,worse,adj.,A2,,,,,,General,,worse,,worse adj.
1768,worst,adj.,A2,,,,,,General,,worst,,worst adj.
1769,wow,exclam.,A2,,,,,,General,,wow,,wow exclam.
1770,yet,adv.,A2,,,,,,General,,yet,,yet adv.
1771,yours,pron.,A2,,,,,,General,,yours,,yours pron.
1772,zero,number,A2,,,,,,General,,zero,,zero number
1773,absolutely,adv.,B1,,,,,,General,,absolutely,,absolutely adv.
1774,academic,adj.,B1,,,,,,General,,academic,,academic adj.
1775,access,"n., v.",B1,,,,,,General,,access,,"access n., v."
1776,accommodation,n.,B1,,,,,,General,,accommodation,,accommodation n.
1777,account,n.,B1,,,,,,General,,account,,account n.
1778,achievement,n.,B1,,,,,,General,,achievement,,achievement n.
1779,act,n.,B1,,,,,,General,,act,,act n.
1780,ad,n.,B1,,,,,,General,,ad,,ad n.
1781,addition,n.,B1,,,,,,General,,addition,,addition n.
1782,admire,v.,B1,,,,,,General,,admire,,admire v.
1783,admit,v.,B1,,,,,,General,,admit,,admit v.
1784,advanced,adj.,B1,,,,,,General,,advanced,,advanced adj.
1785,advise,v.,B1,,,,,,General,,advise,,advise v.
1786,afford,v.,B1,,,,,,General,,afford,,afford v.
1787,age,v.,B1,,,,,,General,,age,,age v.
1788,aged,adj.,B1,,,,,,General,,aged,,aged adj.
1789,agent,n.,B1,,,,,,General,,agent,,agent n.
1790,agreement,n.,B1,,,,,,General,,agreement,,agreement n.
1791,ahead,adv.,B1,,,,,,General,,ahead,,ahead adv.
1792,aim,"v., n.",B1,,,,,,General,,aim,,"aim v., n."
1793,alarm,n.,B1,,,,,,General,,alarm,,alarm n.
1794,album,n.,B1,,,,,,General,,album,,album n.
1795,alcohol,n.,B1,,,,,,General,,alcohol,,alcohol n.
1796,alcoholic,adj.,B1,,,,,,General,,alcoholic,,alcoholic adj.
1797,alternative,adj.,B1,,,,,,General,,alternative,,alternative adj.
1798,amazed,adj.,B1,,,,,,General,,amazed,,amazed adj.
1799,ambition,n.,B1,,,,,,General,,ambition,,ambition n.
1800,ambitious,adj.,B1,,,,,,General,,ambitious,,ambitious adj.
1801,analyse,v.,B1,,,,,,General,,analyse,,analyse v.
1802,analysis,n.,B1,,,,,,General,,analysis,,analysis n.
1803,announce,v.,B1,,,,,,General,,announce,,announce v.
1804,announcement,n.,B1,,,,,,General,,announcement,,announcement n.
1805,annoy,v.,B1,,,,,,General,,annoy,,annoy v.
1806,annoyed,adj.,B1,,,,,,General,,annoyed,,annoyed adj.
1807,annoying,adj.,B1,,,,,,General,,annoying,,annoying adj.
1808,apart,adv.,B1,,,,,,General,,apart,,apart adv.
1809,apologize,v.,B1,,,,,,General,,apologize,,apologize v.
1810,application,n.,B1,,,,,,General,,application,,application n.
1811,appointment,n.,B1,,,,,,General,,appointment,,appointment n.
1812,appreciate,v.,B1,,,,,,General,,appreciate,,appreciate v.
1813,approximately,adv.,B1,,,,,,General,,approximately,,approximately adv.
1814,arrest,"v., n.",B1,,,,,,General,,arrest,,"arrest v., n."
1815,arrival,n.,B1,,,,,,General,,arrival,,arrival n.
1816,assignment,n.,B1,,,,,,General,,assignment,,assignment n.
1817,assist,v.,B1,,,,,,General,,assist,,assist v.
1818,atmosphere,n.,B1,,,,,,General,,atmosphere,,atmosphere n.
1819,attach,v.,B1,,,,,,General,,attach,,attach v.
1820,attitude,n.,B1,,,,,,General,,attitude,,attitude n.
1821,attract,v.,B1,,,,,,General,,attract,,attract v.
1822,attraction,n.,B1,,,,,,General,,attraction,,attraction n.
1823,authority,n.,B1,,,,,,General,,authority,,authority n.
1824,average,v.,B1,,,,,,General,,average,,average v.
1825,award,v.,B1,,,,,,General,,award,,award v.
1826,aware,adj.,B1,,,,,,General,,aware,,aware adj.
1827,backwards,adv.,B1,,,,,,General,,backwards,,backwards adv.
1828,bake,v.,B1,,,,,,General,,bake,,bake v.
1829,balance,"n., v.",B1,,,,,,General,,balance,,"balance n., v."
1830,ban,"v., n.",B1,,,,,,General,,ban,,"ban v., n."
1831,bank,n.,B1,,,,,,General,,bank,river,bank (river) n.
1832,base,"n., v.",B1,,,,,,General,,base,,"base n., v."
1833,basic,adj.,B1,,,,,,General,,basic,,basic adj.
1834,basis,n.,B1,,,,,,General,,basis,,basis n.
1835,battery,n.,B1,,,,,,General,,battery,,battery n.
1836,battle,n.,B1,,,,,,General,,battle,,battle n.
1837,beauty,n.,B1,,,,,,General,,beauty,,beauty n.
1838,bee,n.,B1,,,,,,General,,bee,,bee n.
1839,belief,n.,B1,,,,,,General,,belief,,belief n.
1840,bell,n.,B1,,,,,,General,,bell,,bell n.
1841,bend,"v., n.",B1,,,,,,General,,bend,,"bend v., n."
1842,benefit,v.,B1,,,,,,General,,benefit,,benefit v.
1843,better,n.,B1,,,,,,General,,better,,better n.
1844,bite,"v., n.",B1,,,,,,General,,bite,,"bite v., n."
1845,block,"n., v.",B1,,,,,,General,,block,,"block n., v."
1846,board,v.,B1,,,,,,General,,board,,board v.
1847,bomb,"n., v.",B1,,,,,,General,,bomb,,"bomb n., v."
1848,border,n.,B1,,,,,,General,,border,,border n.
1849,bother,v.,B1,,,,,,General,,bother,,bother v.
1850,branch,n.,B1,,,,,,General,,branch,,branch n.
1851,brand,"n., v.",B1,,,,,,General,,brand,,"brand n., v."
1852,brave,adj.,B1,,,,,,General,,brave,,brave adj.
1853,breath,n.,B1,,,,,,General,,breath,,breath n.
1854,breathe,v.,B1,,,,,,General,,breathe,,breathe v.
1855,breathing,n.,B1,,,,,,General,,breathing,,breathing n.
1856,bride,n.,B1,,,,,,General,,bride,,bride n.
1857,bubble,n.,B1,,,,,,General,,bubble,,bubble n.
1858,bury,v.,B1,,,,,,General,,bury,,bury v.
1859,by,adv.,B1,,,,,,General,,by,,by adv.
1860,calm,"adj., v., n.",B1,,,,,,General,,calm,,"calm adj., v., n."
1861,campaign,"n., v.",B1,,,,,,General,,campaign,,"campaign n., v."
1862,campus,n.,B1,,,,,,General,,campus,,campus n.
1863,candidate,n.,B1,,,,,,General,,candidate,,candidate n.
1864,cap,n.,B1,,,,,,General,,cap,,cap n.
1865,captain,n.,B1,,,,,,General,,captain,,captain n.
1866,careless,adj.,B1,,,,,,General,,careless,,careless adj.
1867,category,n.,B1,,,,,,General,,category,,category n.
1868,ceiling,n.,B1,,,,,,General,,ceiling,,ceiling n.
1869,celebration,n.,B1,,,,,,General,,celebration,,celebration n.
1870,central,adj.,B1,,,,,,General,,central,,central adj.
1871,centre,v.,B1,,,,,,General,,centre,,centre v.
1872,ceremony,n.,B1,,,,,,General,,ceremony,,ceremony n.
1873,chain,n.,B1,,,,,,General,,chain,,chain n.
1874,challenge,n.,B1,,,,,,General,,challenge,,challenge n.
1875,champion,n.,B1,,,,,,General,,champion,,champion n.
1876,channel,n.,B1,,,,,,General,,channel,,channel n.
1877,chapter,n.,B1,,,,,,General,,chapter,,chapter n.
1878,charge,"n., v.",B1,,,,,,General,,charge,,"charge n., v."
1879,cheap,adv.,B1,,,,,,General,,cheap,,cheap adv.
1880,cheat,"v., n.",B1,,,,,,General,,cheat,,"cheat v., n."
1881,cheerful,adj.,B1,,,,,,General,,cheerful,,cheerful adj.
1882,chemical,"adj., n.",B1,,,,,,General,,chemical,,"chemical adj., n."
1883,chest,n.,B1,,,,,,General,,chest,,chest n.
1884,childhood,n.,B1,,,,,,General,,childhood,,childhood n.
1885,claim,"v., n.",B1,,,,,,General,,claim,,"claim v., n."
1886,clause,n.,B1,,,,,,General,,clause,,clause n.
1887,clear,v.,B1,,,,,,General,,clear,,clear v.
1888,click,"v., n.",B1,,,,,,General,,click,,"click v., n."
1889,client,n.,B1,,,,,,General,,client,,client n.
1890,climb,n.,B1,,,,,,General,,climb,,climb n.
1891,close,adv.,B1,,,,,,General,,close,sense 2,close2 adv.
1892,cloth,n.,B1,,,,,,General,,cloth,,cloth n.
1893,clue,n.,B1,,,,,,General,,clue,,clue n.
1894,coach,v.,B1,,,,,,General,,coach,,coach v.
1895,coal,n.,B1,,,,,,General,,coal,,coal n.
1896,coin,n.,B1,,,,,,General,,coin,,coin n.
1897,collection,n.,B1,,,,,,General,,collection,,collection n.
1898,coloured,adj.,B1,,,,,,General,,coloured,,coloured adj.
1899,combine,v.,B1,,,,,,General,,combine,,combine v.
1900,comment,v.,B1,,,,,,General,,comment,,comment v.
1901,commercial,"adj., n.",B1,,,,,,General,,commercial,,"commercial adj., n."
1902,commit,v.,B1,,,,,,General,,commit,,commit v.
1903,communication,n.,B1,,,,,,General,,communication,,communication n.
1904,comparison,n.,B1,,,,,,General,,comparison,,comparison n.
1905,competitor,n.,B1,,,,,,General,,competitor,,competitor n.
1906,competitive,adj.,B1,,,,,,General,,competitive,,competitive adj.
1907,complaint,n.,B1,,,,,,General,,complaint,,complaint n.
1908,complex,adj.,B1,,,,,,General,,complex,,complex adj.
1909,concentrate,v.,B1,,,,,,General,,concentrate,,concentrate v.
1910,conclude,v.,B1,,,,,,General,,conclude,,conclude v.
1911,conclusion,n.,B1,,,,,,General,,conclusion,,conclusion n.
1912,confident,adj.,B1,,,,,,General,,confident,,confident adj.
1913,confirm,v.,B1,,,,,,General,,confirm,,confirm v.
1914,confuse,v.,B1,,,,,,General,,confuse,,confuse v.
1915,confused,adj.,B1,,,,,,General,,confused,,confused adj.
1916,connection,n.,B1,,,,,,General,,connection,,connection n.
1917,consequence,n.,B1,,,,,,General,,consequence,,consequence n.
1918,consist,v.,B1,,,,,,General,,consist,,consist v.
1919,consume,v.,B1,,,,,,General,,consume,,consume v.
1920,consumer,n.,B1,,,,,,General,,consumer,,consumer n.
1921,contact,"n., v.",B1,,,,,,General,,contact,,"contact n., v."
1922,container,n.,B1,,,,,,General,,container,,container n.
1923,content,n.,B1,,,,,,General,,content,sense 1,content1 n.
1924,continuous,adj.,B1,,,,,,General,,continuous,,continuous adj.
1925,contrast,"n., v.",B1,,,,,,General,,contrast,,"contrast n., v."
1926,convenient,adj.,B1,,,,,,General,,convenient,,convenient adj.
1927,convince,v.,B1,,,,,,General,,convince,,convince v.
1928,cool,v.,B1,,,,,,General,,cool,,cool v.
1929,costume,n.,B1,,,,,,General,,costume,,costume n.
1930,cottage,n.,B1,,,,,,General,,cottage,,cottage n.
1931,cotton,n.,B1,,,,,,General,,cotton,,cotton n.
1932,count,n.,B1,,,,,,General,,count,,count n.
1933,countryside,n.,B1,,,,,,General,,countryside,,countryside n.
1934,court,n.,B1,,,,,,General,,court,,court n.
1935,cover,n.,B1,,,,,,General,,cover,,cover n.
1936,covered,adj.,B1,,,,,,General,,covered,,covered adj.
1937,cream,adj.,B1,,,,,,General,,cream,,cream adj.
1938,criminal,adj.,B1,,,,,,General,,criminal,,criminal adj.
1939,cruel,adj.,B1,,,,,,General,,cruel,,cruel adj.
1940,cultural,adj.,B1,,,,,,General,,cultural,,cultural adj.
1941,currency,n.,B1,,,,,,General,,currency,,currency n.
1942,current,adj.,B1,,,,,,General,,current,,current adj.
1943,currently,adv.,B1,,,,,,General,,currently,,currently adv.
1944,curtain,n.,B1,,,,,,General,,curtain,,curtain n.
1945,custom,n.,B1,,,,,,General,,custom,,custom n.
1946,cut,n.,B1,,,,,,General,,cut,,cut n.
1947,daily,adv.,B1,,,,,,General,,daily,,daily adv.
1948,damage,"n., v.",B1,,,,,,General,,damage,,"damage n., v."
1949,deal,n.,B1,,,,,,General,,deal,,deal n.
1950,decade,n.,B1,,,,,,General,,decade,,decade n.
1951,decorate,v.,B1,,,,,,General,,decorate,,decorate v.
1952,deep,adv.,B1,,,,,,General,,deep,,deep adv.
1953,define,v.,B1,,,,,,General,,define,,define v.
1954,definite,adj.,B1,,,,,,General,,definite,,definite adj.
1955,definition,n.,B1,,,,,,General,,definition,,definition n.
1956,deliver,v.,B1,,,,,,General,,deliver,,deliver v.
1957,departure,n.,B1,,,,,,General,,departure,,departure n.
1958,despite,prep.,B1,,,,,,General,,despite,,despite prep.
1959,destination,n.,B1,,,,,,General,,destination,,destination n.
1960,determine,v.,B1,,,,,,General,,determine,,determine v.
1961,determined,adj.,B1,,,,,,General,,determined,,determined adj.
1962,development,n.,B1,,,,,,General,,development,,development n.
1963,diagram,n.,B1,,,,,,General,,diagram,,diagram n.
1964,diamond,n.,B1,,,,,,General,,diamond,,diamond n.
1965,difficulty,n.,B1,,,,,,General,,difficulty,,difficulty n.
1966,direct,"v., adv.",B1,,,,,,General,,direct,,"direct v., adv."
1967,directly,adv.,B1,,,,,,General,,directly,,directly adv.
1968,dirt,n.,B1,,,,,,General,,dirt,,dirt n.
1969,disadvantage,n.,B1,,,,,,General,,disadvantage,,disadvantage n.
1970,disappointed,adj.,B1,,,,,,General,,disappointed,,disappointed adj.
1971,disappointing,adj.,B1,,,,,,General,,disappointing,,disappointing adj.
1972,discount,n.,B1,,,,,,General,,discount,,discount n.
1973,dislike,"v., n.",B1,,,,,,General,,dislike,,"dislike v., n."
1974,divide,v.,B1,,,,,,General,,divide,,divide v.
1975,documentary,n.,B1,,,,,,General,,documentary,,documentary n.
1976,donate,v.,B1,,,,,,General,,donate,,donate v.
1977,double,adv.,B1,,,,,,General,,double,,double adv.
1978,doubt,"n., v.",B1,,,,,,General,,doubt,,"doubt n., v."
1979,dressed,adj.,B1,,,,,,General,,dressed,,dressed adj.
1980,drop,n.,B1,,,,,,General,,drop,,drop n.
1981,drum,n.,B1,,,,,,General,,drum,,drum n.
1982,drunk,adj.,B1,,,,,,General,,drunk,,drunk adj.
1983,due,adj.,B1,,,,,,General,,due,,due adj.
1984,dust,n.,B1,,,,,,General,,dust,,dust n.
1985,duty,n.,B1,,,,,,General,,duty,,duty n.
1986,earthquake,n.,B1,,,,,,General,,earthquake,,earthquake n.
1987,eastern,adj.,B1,,,,,,General,,eastern,,eastern adj.
1988,economic,adj.,B1,,,,,,General,,economic,,economic adj.
1989,economy,n.,B1,,,,,,General,,economy,,economy n.
1990,edge,n.,B1,,,,,,General,,edge,,edge n.
1991,editor,n.,B1,,,,,,General,,editor,,editor n.
1992,educate,v.,B1,,,,,,General,,educate,,educate v.
1993,educated,adj.,B1,,,,,,General,,educated,,educated adj.
1994,educational,adj.,B1,,,,,,General,,educational,,educational adj.
1995,effective,adj.,B1,,,,,,General,,effective,,effective adj.
1996,effectively,adv.,B1,,,,,,General,,effectively,,effectively adv.
1997,effort,n.,B1,,,,,,General,,effort,,effort n.
1998,election,n.,B1,,,,,,General,,election,,election n.
1999,element,n.,B1,,,,,,General,,element,,element n.
2000,embarrassed,adj.,B1,,,,,,General,,embarrassed,,embarrassed adj.
2001,embarrassing,adj.,B1,,,,,,General,,embarrassing,,embarrassing adj.
2002,emergency,n.,B1,,,,,,General,,emergency,,emergency n.
2003,emotion,n.,B1,,,,,,General,,emotion,,emotion n.
2004,employment,n.,B1,,,,,,General,,employment,,employment n.
2005,empty,v.,B1,,,,,,General,,empty,,empty v.
2006,encourage,v.,B1,,,,,,General,,encourage,,encourage v.
2007,enemy,n.,B1,,,,,,General,,enemy,,enemy n.
2008,engaged,adj.,B1,,,,,,General,,engaged,,engaged adj.
2009,engineering,n.,B1,,,,,,General,,engineering,,engineering n.
2010,entertain,v.,B1,,,,,,General,,entertain,,entertain v.
2011,entertainment,n.,B1,,,,,,General,,entertainment,,entertainment n.
2012,entrance,n.,B1,,,,,,General,,entrance,,entrance n.
2013,entry,n.,B1,,,,,,General,,entry,,entry n.
2014,environmental,adj.,B1,,,,,,General,,environmental,,environmental adj.
2015,episode,n.,B1,,,,,,General,,episode,,episode n.
2016,equal,"adj., v.",B1,,,,,,General,,equal,,"equal adj., v."
2017,equally,adv.,B1,,,,,,General,,equally,,equally adv.
2018,escape,"v., n.",B1,,,,,,General,,escape,,"escape v., n."
2019,essential,adj.,B1,,,,,,General,,essential,,essential adj.
2020,eventually,adv.,B1,,,,,,General,,eventually,,eventually adv.
2021,examine,v.,B1,,,,,,General,,examine,,examine v.
2022,except,conj.,B1,,,,,,General,,except,,except conj.
2023,exchange,"n., v.",B1,,,,,,General,,exchange,,"exchange n., v."
2024,excitement,n.,B1,,,,,,General,,excitement,,excitement n.
2025,exhibition,n.,B1,,,,,,General,,exhibition,,exhibition n.
2026,expand,v.,B1,,,,,,General,,expand,,expand v.
2027,expected,adj.,B1,,,,,,General,,expected,,expected adj.
2028,expedition,n.,B1,,,,,,General,,expedition,,expedition n.
2029,experience,v.,B1,,,,,,General,,experience,,experience v.
2030,experienced,adj.,B1,,,,,,General,,experienced,,experienced adj.
2031,experiment,v.,B1,,,,,,General,,experiment,,experiment v.
2032,explode,v.,B1,,,,,,General,,explode,,explode v.
2033,explore,v.,B1,,,,,,General,,explore,,explore v.
2034,explosion,n.,B1,,,,,,General,,explosion,,explosion n.
2035,export,"n., v.",B1,,,,,,General,,export,,"export n., v."
2036,extra,"n., adv.",B1,,,,,,General,,extra,,"extra n., adv."
2037,face,v.,B1,,,,,,General,,face,,face v.
2038,fairly,adv.,B1,,,,,,General,,fairly,,fairly adv.
2039,familiar,adj.,B1,,,,,,General,,familiar,,familiar adj.
2040,fancy,"v., adj.",B1,,,,,,General,,fancy,,"fancy v., adj."
2041,far,adj.,B1,,,,,,General,,far,,far adj.
2042,fascinating,adj.,B1,,,,,,General,,fascinating,,fascinating adj.
2043,fashionable,adj.,B1,,,,,,General,,fashionable,,fashionable adj.
2044,fasten,v.,B1,,,,,,General,,fasten,,fasten v.
2045,favour,n.,B1,,,,,,General,,favour,,favour n.
2046,fear,v.,B1,,,,,,General,,fear,,fear v.
2047,feature,v.,B1,,,,,,General,,feature,,feature v.
2048,fence,n.,B1,,,,,,General,,fence,,fence n.
2049,fighting,n.,B1,,,,,,General,,fighting,,fighting n.
2050,file,n.,B1,,,,,,General,,file,,file n.
2051,financial,adj.,B1,,,,,,General,,financial,,financial adj.
2052,fire,v.,B1,,,,,,General,,fire,,fire v.
2053,fitness,n.,B1,,,,,,General,,fitness,,fitness n.
2054,fixed,adj.,B1,,,,,,General,,fixed,,fixed adj.
2055,flag,n.,B1,,,,,,General,,flag,,flag n.
2056,flood,"n., v.",B1,,,,,,General,,flood,,"flood n., v."
2057,flour,n.,B1,,,,,,General,,flour,,flour n.
2058,flow,"v., n.",B1,,,,,,General,,flow,,"flow v., n."
2059,fold,v.,B1,,,,,,General,,fold,,fold v.
2060,folk,"n., adj.",B1,,,,,,General,,folk,,"folk n., adj."
2061,following,n.,B1,,,,,,General,,following,,following n.
2062,force,"n., v.",B1,,,,,,General,,force,,"force n., v."
2063,forever,adv.,B1,,,,,,General,,forever,,forever adv.
2064,frame,"n., v.",B1,,,,,,General,,frame,,"frame n., v."
2065,freeze,v.,B1,,,,,,General,,freeze,,freeze v.
2066,frequently,adv.,B1,,,,,,General,,frequently,,frequently adv.
2067,friendship,n.,B1,,,,,,General,,friendship,,friendship n.
2068,frighten,v.,B1,,,,,,General,,frighten,,frighten v.
2069,frightened,adj.,B1,,,,,,General,,frightened,,frightened adj.
2070,frightening,adj.,B1,,,,,,General,,frightening,,frightening adj.
2071,frozen,adj.,B1,,,,,,General,,frozen,,frozen adj.
2072,fry,v.,B1,,,,,,General,,fry,,fry v.
2073,fuel,n.,B1,,,,,,General,,fuel,,fuel n.
2074,function,n.,B1,,,,,,General,,function,,function n.
2075,fur,n.,B1,,,,,,General,,fur,,fur n.
2076,further,adv.,B1,,,,,,General,,further,,further adv.
2077,garage,n.,B1,,,,,,General,,garage,,garage n.
2078,gather,v.,B1,,,,,,General,,gather,,gather v.
2079,generally,adv.,B1,,,,,,General,,generally,,generally adv.
2080,generation,n.,B1,,,,,,General,,generation,,generation n.
2081,generous,adj.,B1,,,,,,General,,generous,,generous adj.
2082,gentle,adj.,B1,,,,,,General,,gentle,,gentle adj.
2083,gentleman,n.,B1,,,,,,General,,gentleman,,gentleman n.
2084,ghost,n.,B1,,,,,,General,,ghost,,ghost n.
2085,giant,"adj., n.",B1,,,,,,General,,giant,,"giant adj., n."
2086,glad,adj.,B1,,,,,,General,,glad,,glad adj.
2087,global,adj.,B1,,,,,,General,,global,,global adj.
2088,glove,n.,B1,,,,,,General,,glove,,glove n.
2089,go,n.,B1,,,,,,General,,go,,go n.
2090,goods,n.,B1,,,,,,General,,goods,,goods n.
2091,grade,n.,B1,,,,,,General,,grade,,grade n.
2092,graduate,"n., v.",B1,,,,,,General,,graduate,,"graduate n., v."
2093,grain,n.,B1,,,,,,General,,grain,,grain n.
2094,grateful,adj.,B1,,,,,,General,,grateful,,grateful adj.
2095,growth,n.,B1,,,,,,General,,growth,,growth n.
2096,guard,"n., v.",B1,,,,,,General,,guard,,"guard n., v."
2097,guilty,adj.,B1,,,,,,General,,guilty,,guilty adj.
2098,hand,v.,B1,,,,,,General,,hand,,hand v.
2099,hang,v.,B1,,,,,,General,,hang,,hang v.
2100,happiness,n.,B1,,,,,,General,,happiness,,happiness n.
2101,hardly,adv.,B1,,,,,,General,,hardly,,hardly adv.
2102,hate,n.,B1,,,,,,General,,hate,,hate n.
2103,head,v.,B1,,,,,,General,,head,,head v.
2104,headline,n.,B1,,,,,,General,,headline,,headline n.
2105,heating,n.,B1,,,,,,General,,heating,,heating n.
2106,heavily,adv.,B1,,,,,,General,,heavily,,heavily adv.
2107,helicopter,n.,B1,,,,,,General,,helicopter,,helicopter n.
2108,highlight,"v., n.",B1,,,,,,General,,highlight,,"highlight v., n."
2109,highly,adv.,B1,,,,,,General,,highly,,highly adv.
2110,hire,v.,B1,,,,,,General,,hire,,hire v.
2111,historic,adj.,B1,,,,,,General,,historic,,historic adj.
2112,historical,adj.,B1,,,,,,General,,historical,,historical adj.
2113,honest,adj.,B1,,,,,,General,,honest,,honest adj.
2114,horrible,adj.,B1,,,,,,General,,horrible,,horrible adj.
2115,horror,n.,B1,,,,,,General,,horror,,horror n.
2116,host,n.,B1,,,,,,General,,host,,host n.
2117,hunt,v.,B1,,,,,,General,,hunt,,hunt v.
2118,hurricane,n.,B1,,,,,,General,,hurricane,,hurricane n.
2119,hurry,"n., v.",B1,,,,,,General,,hurry,,"hurry n., v."
2120,identity,n.,B1,,,,,,General,,identity,,identity n.
2121,ignore,v.,B1,,,,,,General,,ignore,,ignore v.
2122,illegal,adj.,B1,,,,,,General,,illegal,,illegal adj.
2123,imaginary,adj.,B1,,,,,,General,,imaginary,,imaginary adj.
2124,immediate,adj.,B1,,,,,,General,,immediate,,immediate adj.
2125,immigrant,n.,B1,,,,,,General,,immigrant,,immigrant n.
2126,impact,"n., v.",B1,,,,,,General,,impact,,"impact n., v."
2127,import,"n., v.",B1,,,,,,General,,import,,"import n., v."
2128,importance,n.,B1,,,,,,General,,importance,,importance n.
2129,impression,n.,B1,,,,,,General,,impression,,impression n.
2130,impressive,adj.,B1,,,,,,General,,impressive,,impressive adj.
2131,improvement,n.,B1,,,,,,General,,improvement,,improvement n.
2132,incredibly,adv.,B1,,,,,,General,,incredibly,,incredibly adv.
2133,indeed,adv.,B1,,,,,,General,,indeed,,indeed adv.
2134,indicate,v.,B1,,,,,,General,,indicate,,indicate v.
2135,indirect,adj.,B1,,,,,,General,,indirect,,indirect adj.
2136,indoor,adj.,B1,,,,,,General,,indoor,,indoor adj.
2137,indoors,adv.,B1,,,,,,General,,indoors,,indoors adv.
2138,influence,"n., v.",B1,,,,,,General,,influence,,"influence n., v."
2139,ingredient,n.,B1,,,,,,General,,ingredient,,ingredient n.
2140,injure,v.,B1,,,,,,General,,injure,,injure v.
2141,injured,adj.,B1,,,,,,General,,injured,,injured adj.
2142,innocent,adj.,B1,,,,,,General,,innocent,,innocent adj.
2143,intelligence,n.,B1,,,,,,General,,intelligence,,intelligence n.
2144,intend,v.,B1,,,,,,General,,intend,,intend v.
2145,intention,n.,B1,,,,,,General,,intention,,intention n.
2146,invest,v.,B1,,,,,,General,,invest,,invest v.
2147,investigate,v.,B1,,,,,,General,,investigate,,investigate v.
2148,involved,adj.,B1,,,,,,General,,involved,,involved adj.
2149,iron,"n., v.",B1,,,,,,General,,iron,,"iron n., v."
2150,issue,n.,B1,,,,,,General,,issue,,issue n.
2151,IT,n.,B1,,,,,,General,,it,,IT n.
2152,journal,n.,B1,,,,,,General,,journal,,journal n.
2153,judge,"n., v.",B1,,,,,,General,,judge,,"judge n., v."
2154,keen,adj.,B1,,,,,,General,,keen,,keen adj.
2155,key,v.,B1,,,,,,General,,key,,key v.
2156,keyboard,n.,B1,,,,,,General,,keyboard,,keyboard n.
2157,kick,"v., n.",B1,,,,,,General,,kick,,"kick v., n."
2158,killing,n.,B1,,,,,,General,,killing,,killing n.
2159,kind,adj.,B1,,,,,,General,,kind,caring,kind (caring) adj.
2160,kiss,"v., n.",B1,,,,,,General,,kiss,,"kiss v., n."
2161,knock,n.,B1,,,,,,General,,knock,,knock n.
2162,label,"n., v.",B1,,,,,,General,,label,,"label n., v."
2163,laboratory,n.,B1,,,,,,General,,laboratory,,laboratory n.
2164,lack,"n., v.",B1,,,,,,General,,lack,,"lack n., v."
2165,latest,adj.,B1,,,,,,General,,latest,,latest adj.
2166,lay,v.,B1,,,,,,General,,lay,,lay v.
2167,layer,n.,B1,,,,,,General,,layer,,layer n.
2168,lead,n.,B1,,,,,,General,,lead,sense 1,lead1 n.
2169,leading,adj.,B1,,,,,,General,,leading,,leading adj.
2170,leaf,n.,B1,,,,,,General,,leaf,,leaf n.
2171,leather,n.,B1,,,,,,General,,leather,,leather n.
2172,legal,adj.,B1,,,,,,General,,legal,,legal adj.
2173,leisure,n.,B1,,,,,,General,,leisure,,leisure n.
2174,length,n.,B1,,,,,,General,,length,,length n.
2175,level,adj.,B1,,,,,,General,,level,,level adj.
2176,lie,"v. , n.",B1,,,,,,General,,lie,tell a lie,"lie2 (tell a lie) v. , n."
2177,like,n.,B1,,,,,,General,,like,find sb/sth pleasant,like (find sb/sth pleasant) n.
2178,limit,"n., v.",B1,,,,,,General,,limit,,"limit n., v."
2179,lip,n.,B1,,,,,,General,,lip,,lip n.
2180,liquid,"n., adj.",B1,,,,,,General,,liquid,,"liquid n., adj."
2181,literature,n.,B1,,,,,,General,,literature,,literature n.
2182,live,"adj. , adv.",B1,,,,,,General,,live,sense 2,"live2 adj. , adv."
2183,living,"adj., n.",B1,,,,,,General,,living,,"living adj., n."
2184,local,n.,B1,,,,,,General,,local,,local n.
2185,locate,v.,B1,,,,,,General,,locate,,locate v.
2186,located,adj.,B1,,,,,,General,,located,,located adj.
2187,location,n.,B1,,,,,,General,,location,,location n.
2188,lonely,adj.,B1,,,,,,General,,lonely,,lonely adj.
2189,loss,n.,B1,,,,,,General,,loss,,loss n.
2190,luxury,n.,B1,,,,,,General,,luxury,,luxury n.
2191,mad,adj.,B1,,,,,,General,,mad,,mad adj.
2192,magic,"n., adj.",B1,,,,,,General,,magic,,"magic n., adj."
2193,mainly,adv.,B1,,,,,,General,,mainly,,mainly adv.
2194,mall,n.,B1,,,,,,General,,mall,,mall n.
2195,management,n.,B1,,,,,,General,,management,,management n.
2196,market,v.,B1,,,,,,General,,market,,market v.
2197,marketing,n.,B1,,,,,,General,,marketing,,marketing n.
2198,marriage,n.,B1,,,,,,General,,marriage,,marriage n.
2199,meanwhile,adv.,B1,,,,,,General,,meanwhile,,meanwhile adv.
2200,measure,"v., n.",B1,,,,,,General,,measure,,"measure v., n."
2201,medium,adj.,B1,,,,,,General,,medium,,medium adj.
2202,mental,adj.,B1,,,,,,General,,mental,,mental adj.
2203,mention,n.,B1,,,,,,General,,mention,,mention n.
2204,mess,n.,B1,,,,,,General,,mess,,mess n.
2205,mild,adj.,B1,,,,,,General,,mild,,mild adj.
2206,mine,n.,B1,,,,,,General,,mine,hole in the ground,mine (hole in the ground) n.
2207,mix,"v., n.",B1,,,,,,General,,mix,,"mix v., n."
2208,mixture,n.,B1,,,,,,General,,mixture,,mixture n.
2209,mood,n.,B1,,,,,,General,,mood,,mood n.
2210,move,n.,B1,,,,,,General,,move,,move n.
2211,mud,n.,B1,,,,,,General,,mud,,mud n.
2212,murder,"n., v.",B1,,,,,,General,,murder,,"murder n., v."
2213,muscle,n.,B1,,,,,,General,,muscle,,muscle n.
2214,musical,n.,B1,,,,,,General,,musical,,musical n.
2215,mystery,n.,B1,,,,,,General,,mystery,,mystery n.
2216,nail,n.,B1,,,,,,General,,nail,,nail n.
2217,narrative,"n., adj.",B1,,,,,,General,,narrative,,"narrative n., adj."
2218,nation,n.,B1,,,,,,General,,nation,,nation n.
2219,native,"adj., n.",B1,,,,,,General,,native,,"native adj., n."
2220,naturally,adv.,B1,,,,,,General,,naturally,,naturally adv.
2221,necessarily,adv.,B1,,,,,,General,,necessarily,,necessarily adv.
2222,need,modal v.,B1,,,,,,General,,need,,need modal v.
2223,needle,n.,B1,,,,,,General,,needle,,needle n.
2224,neighbourhood,n.,B1,,,,,,General,,neighbourhood,,neighbourhood n.
2225,neither,adv.,B1,,,,,,General,,neither,,neither adv.
2226,net,n.,B1,,,,,,General,,net,,net n.
2227,next,n.,B1,,,,,,General,,next,,next n.
2228,nor,conj./adv.,B1,,,,,,General,,nor,,nor conj./adv.
2229,normal,n.,B1,,,,,,General,,normal,,normal n.
2230,northern,adj.,B1,,,,,,General,,northern,,northern adj.
2231,note,v.,B1,,,,,,General,,note,,note v.
2232,now,conj.,B1,,,,,,General,,now,,now conj.
2233,nuclear,adj.,B1,,,,,,General,,nuclear,,nuclear adj.
2234,obvious,adj.,B1,,,,,,General,,obvious,,obvious adj.
2235,obviously,adv.,B1,,,,,,General,,obviously,,obviously adv.
2236,occasion,n.,B1,,,,,,General,,occasion,,occasion n.
2237,occur,v.,B1,,,,,,General,,occur,,occur v.
2238,odd,adj.,B1,,,,,,General,,odd,,odd adj.
2239,official,adj.,B1,,,,,,General,,official,,official adj.
2240,old-fashioned,adj.,B1,,,,,,General,,old_fashioned,,old-fashioned adj.
2241,once,conj.,B1,,,,,,General,,once,,once conj.
2242,operation,n.,B1,,,,,,General,,operation,,operation n.
2243,organized,adj.,B1,,,,,,General,,organized,,organized adj.
2244,organizer,n.,B1,,,,,,General,,organizer,,organizer n.
2245,original,n.,B1,,,,,,General,,original,,original n.
2246,originally,adv.,B1,,,,,,General,,originally,,originally adv.
2247,ought,modal v.,B1,,,,,,General,,ought,,ought modal v.
2248,ours,pron.,B1,,,,,,General,,ours,,ours pron.
2249,outdoor,adj.,B1,,,,,,General,,outdoor,,outdoor adj.
2250,outdoors,adv.,B1,,,,,,General,,outdoors,,outdoors adv.
2251,pack,n.,B1,,,,,,General,,pack,,pack n.
2252,package,n.,B1,,,,,,General,,package,,package n.
2253,painful,adj.,B1,,,,,,General,,painful,,painful adj.
2254,pale,adj.,B1,,,,,,General,,pale,,pale adj.
2255,pan,n.,B1,,,,,,General,,pan,,pan n.
2256,participate,v.,B1,,,,,,General,,participate,,participate v.
2257,particularly,adv.,B1,,,,,,General,,particularly,,particularly adv.
2258,pass,n.,B1,,,,,,General,,pass,,pass n.
2259,passion,n.,B1,,,,,,General,,passion,,passion n.
2260,path,n.,B1,,,,,,General,,path,,path n.
2261,payment,n.,B1,,,,,,General,,payment,,payment n.
2262,peaceful,adj.,B1,,,,,,General,,peaceful,,peaceful adj.
2263,percentage,n.,B1,,,,,,General,,percentage,,percentage n.
2264,perfectly,adv.,B1,,,,,,General,,perfectly,,perfectly adv.
2265,performance,n.,B1,,,,,,General,,performance,,performance n.
2266,personally,adv.,B1,,,,,,General,,personally,,personally adv.
2267,persuade,v.,B1,,,,,,General,,persuade,,persuade v.
2268,photographer,n.,B1,,,,,,General,,photographer,,photographer n.
2269,photography,n.,B1,,,,,,General,,photography,,photography n.
2270,pin,"n., v.",B1,,,,,,General,,pin,,"pin n., v."
2271,pipe,n.,B1,,,,,,General,,pipe,,pipe n.
2272,place,v.,B1,,,,,,General,,place,,place v.
2273,planning,n.,B1,,,,,,General,,planning,,planning n.
2274,pleasant,adj.,B1,,,,,,General,,pleasant,,pleasant adj.
2275,pleasure,n.,B1,,,,,,General,,pleasure,,pleasure n.
2276,plenty,pron.,B1,,,,,,General,,plenty,,plenty pron.
2277,plot,n.,B1,,,,,,General,,plot,,plot n.
2278,plus,prep.,B1,,,,,,General,,plus,sense 1,plus1 prep.
2279,poem,n.,B1,,,,,,General,,poem,,poem n.
2280,poet,n.,B1,,,,,,General,,poet,,poet n.
2281,poetry,n.,B1,,,,,,General,,poetry,,poetry n.
2282,point,v.,B1,,,,,,General,,point,,point v.
2283,poison,"n., v.",B1,,,,,,General,,poison,,"poison n., v."
2284,poisonous,adj.,B1,,,,,,General,,poisonous,,poisonous adj.
2285,policy,n.,B1,,,,,,General,,policy,,policy n.
2286,political,adj.,B1,,,,,,General,,political,,political adj.
2287,politician,n.,B1,,,,,,General,,politician,,politician n.
2288,politics,n.,B1,,,,,,General,,politics,,politics n.
2289,port,n.,B1,,,,,,General,,port,,port n.
2290,portrait,n.,B1,,,,,,General,,portrait,,portrait n.
2291,possibly,adv.,B1,,,,,,General,,possibly,,possibly adv.
2292,pot,n.,B1,,,,,,General,,pot,,pot n.
2293,pour,v.,B1,,,,,,General,,pour,,pour v.
2294,poverty,n.,B1,,,,,,General,,poverty,,poverty n.
2295,powder,n.,B1,,,,,,General,,powder,,powder n.
2296,powerful,adj.,B1,,,,,,General,,powerful,,powerful adj.
2297,practical,adj.,B1,,,,,,General,,practical,,practical adj.
2298,pray,v.,B1,,,,,,General,,pray,,pray v.
2299,prayer,n.,B1,,,,,,General,,prayer,,prayer n.
2300,prediction,n.,B1,,,,,,General,,prediction,,prediction n.
2301,prepared,adj.,B1,,,,,,General,,prepared,,prepared adj.
2302,presentation,n.,B1,,,,,,General,,presentation,,presentation n.
2303,press,"n., v.",B1,,,,,,General,,press,,"press n., v."
2304,pressure,n.,B1,,,,,,General,,pressure,,pressure n.
2305,pretend,v.,B1,,,,,,General,,pretend,,pretend v.
2306,previous,adj.,B1,,,,,,General,,previous,,previous adj.
2307,previously,adv.,B1,,,,,,General,,previously,,previously adv.
2308,priest,n.,B1,,,,,,General,,priest,,priest n.
2309,primary,adj.,B1,,,,,,General,,primary,,primary adj.
2310,prince,n.,B1,,,,,,General,,prince,,prince n.
2311,princess,n.,B1,,,,,,General,,princess,,princess n.
2312,printing,n.,B1,,,,,,General,,printing,,printing n.
2313,prisoner,n.,B1,,,,,,General,,prisoner,,prisoner n.
2314,private,adj.,B1,,,,,,General,,private,,private adj.
2315,producer,n.,B1,,,,,,General,,producer,,producer n.
2316,production,n.,B1,,,,,,General,,production,,production n.
2317,profession,n.,B1,,,,,,General,,profession,,profession n.
2318,profit,n.,B1,,,,,,General,,profit,,profit n.
2319,program,v.,B1,,,,,,General,,program,,program v.
2320,promote,v.,B1,,,,,,General,,promote,,promote v.
2321,proper,adj.,B1,,,,,,General,,proper,,proper adj.
2322,properly,adv.,B1,,,,,,General,,properly,,properly adv.
2323,property,n.,B1,,,,,,General,,property,,property n.
2324,protest,"n., v.",B1,,,,,,General,,protest,,"protest n., v."
2325,proud,adj.,B1,,,,,,General,,proud,,proud adj.
2326,prove,v.,B1,,,,,,General,,prove,,prove v.
2327,pull,n.,B1,,,,,,General,,pull,,pull n.
2328,punish,v.,B1,,,,,,General,,punish,,punish v.
2329,punishment,n.,B1,,,,,,General,,punishment,,punishment n.
2330,push,n.,B1,,,,,,General,,push,,push n.
2331,qualification,n.,B1,,,,,,General,,qualification,,qualification n.
2332,qualified,adj.,B1,,,,,,General,,qualified,,qualified adj.
2333,qualify,v.,B1,,,,,,General,,qualify,,qualify v.
2334,queue,"n., v.",B1,,,,,,General,,queue,,"queue n., v."
2335,quit,v.,B1,,,,,,General,,quit,,quit v.
2336,quotation,n.,B1,,,,,,General,,quotation,,quotation n.
2337,quote,"v., n.",B1,,,,,,General,,quote,,"quote v., n."
2338,race,n.,B1,,,,,,General,,race,people,race (people) n.
2339,racing,n.,B1,,,,,,General,,racing,,racing n.
2340,range,n.,B1,,,,,,General,,range,,range n.
2341,rare,adj.,B1,,,,,,General,,rare,,rare adj.
2342,rarely,adv.,B1,,,,,,General,,rarely,,rarely adv.
2343,reaction,n.,B1,,,,,,General,,reaction,,reaction n.
2344,reality,n.,B1,,,,,,General,,reality,,reality n.
2345,receipt,n.,B1,,,,,,General,,receipt,,receipt n.
2346,recommendation,n.,B1,,,,,,General,,recommendation,,recommendation n.
2347,reference,n.,B1,,,,,,General,,reference,,reference n.
2348,reflect,v.,B1,,,,,,General,,reflect,,reflect v.
2349,regularly,adv.,B1,,,,,,General,,regularly,,regularly adv.
2350,reject,v.,B1,,,,,,General,,reject,,reject v.
2351,relate,v.,B1,,,,,,General,,relate,,relate v.
2352,related,adj.,B1,,,,,,General,,related,,related adj.
2353,relation,n.,B1,,,,,,General,,relation,,relation n.
2354,relative,"adj., n.",B1,,,,,,General,,relative,,"relative adj., n."
2355,relaxed,adj.,B1,,,,,,General,,relaxed,,relaxed adj.
2356,relaxing,adj.,B1,,,,,,General,,relaxing,,relaxing adj.
2357,release,"v., n.",B1,,,,,,General,,release,,"release v., n."
2358,reliable,adj.,B1,,,,,,General,,reliable,,reliable adj.
2359,religion,n.,B1,,,,,,General,,religion,,religion n.
2360,religious,adj.,B1,,,,,,General,,religious,,religious adj.
2361,remain,v.,B1,,,,,,General,,remain,,remain v.
2362,remind,v.,B1,,,,,,General,,remind,,remind v.
2363,remote,adj.,B1,,,,,,General,,remote,,remote adj.
2364,rent,"n., v.",B1,,,,,,General,,rent,,"rent n., v."
2365,repair,n.,B1,,,,,,General,,repair,,repair n.
2366,repeat,n.,B1,,,,,,General,,repeat,,repeat n.
2367,repeated,adj.,B1,,,,,,General,,repeated,,repeated adj.
2368,represent,v.,B1,,,,,,General,,represent,,represent v.
2369,request,v.,B1,,,,,,General,,request,,request v.
2370,require,v.,B1,,,,,,General,,require,,require v.
2371,reservation,n.,B1,,,,,,General,,reservation,,reservation n.
2372,resource,n.,B1,,,,,,General,,resource,,resource n.
2373,respect,"n., v.",B1,,,,,,General,,respect,,"respect n., v."
2374,responsibility,n.,B1,,,,,,General,,responsibility,,responsibility n.
2375,responsible,adj.,B1,,,,,,General,,responsible,,responsible adj.
2376,result,v.,B1,,,,,,General,,result,,result v.
2377,retire,v.,B1,,,,,,General,,retire,,retire v.
2378,retired,adj.,B1,,,,,,General,,retired,,retired adj.
2379,revise,v.,B1,,,,,,General,,revise,,revise v.
2380,ring,n.,B1,,,,,,General,,ring,sense 2,ring2 n.
2381,rise,n.,B1,,,,,,General,,rise,,rise n.
2382,risk,"n., v.",B1,,,,,,General,,risk,,"risk n., v."
2383,robot,n.,B1,,,,,,General,,robot,,robot n.
2384,roll,"v., n.",B1,,,,,,General,,roll,,"roll v., n."
2385,romantic,adj.,B1,,,,,,General,,romantic,,romantic adj.
2386,rope,n.,B1,,,,,,General,,rope,,rope n.
2387,rough,adj.,B1,,,,,,General,,rough,,rough adj.
2388,row,n.,B1,,,,,,General,,row,sense 1,row1 n.
2389,royal,adj.,B1,,,,,,General,,royal,,royal adj.
2390,rugby,n.,B1,,,,,,General,,rugby,,rugby n.
2391,rule,v.,B1,,,,,,General,,rule,,rule v.
2392,safety,n.,B1,,,,,,General,,safety,,safety n.
2393,sail,n.,B1,,,,,,General,,sail,,sail n.
2394,sailor,n.,B1,,,,,,General,,sailor,,sailor n.
2395,sample,n.,B1,,,,,,General,,sample,,sample n.
2396,sand,n.,B1,,,,,,General,,sand,,sand n.
2397,scan,v.,B1,,,,,,General,,scan,,scan v.
2398,scientific,adj.,B1,,,,,,General,,scientific,,scientific adj.
2399,script,n.,B1,,,,,,General,,script,,script n.
2400,sculpture,n.,B1,,,,,,General,,sculpture,,sculpture n.
2401,secondary,adj.,B1,,,,,,General,,secondary,,secondary adj.
2402,security,n.,B1,,,,,,General,,security,,security n.
2403,seed,n.,B1,,,,,,General,,seed,,seed n.
2404,sensible,adj.,B1,,,,,,General,,sensible,,sensible adj.
2405,separate,v.,B1,,,,,,General,,separate,,separate v.
2406,seriously,adv.,B1,,,,,,General,,seriously,,seriously adv.
2407,servant,n.,B1,,,,,,General,,servant,,servant n.
2408,set,v.,B1,,,,,,General,,set,put,set (put) v.
2409,set,n.,B1,,,,,,General,,set,group,set (group) n.
2410,setting,n.,B1,,,,,,General,,setting,,setting n.
2411,sex,n.,B1,,,,,,General,,sex,,sex n.
2412,sexual,adj.,B1,,,,,,General,,sexual,,sexual adj.
2413,shake,n.,B1,,,,,,General,,shake,,shake n.
2414,share,n.,B1,,,,,,General,,share,,share n.
2415,sharp,adj.,B1,,,,,,General,,sharp,,sharp adj.
2416,shelf,n.,B1,,,,,,General,,shelf,,shelf n.
2417,shell,n.,B1,,,,,,General,,shell,,shell n.
2418,shift,n.,B1,,,,,,General,,shift,,shift n.
2419,shine,v.,B1,,,,,,General,,shine,,shine v.
2420,shiny,adj.,B1,,,,,,General,,shiny,,shiny adj.
2421,shoot,v.,B1,,,,,,General,,shoot,,shoot v.
2422,shy,adj.,B1,,,,,,General,,shy,,shy adj.
2423,sight,n.,B1,,,,,,General,,sight,,sight n.
2424,signal,"n., v.",B1,,,,,,General,,signal,,"signal n., v."
2425,silent,adj.,B1,,,,,,General,,silent,,silent adj.
2426,silly,adj.,B1,,,,,,General,,silly,,silly adj.
2427,similarity,n.,B1,,,,,,General,,similarity,,similarity n.
2428,similarly,adv.,B1,,,,,,General,,similarly,,similarly adv.
2429,simply,adv.,B1,,,,,,General,,simply,,simply adv.
2430,since,adv.,B1,,,,,,General,,since,,since adv.
2431,sink,v.,B1,,,,,,General,,sink,,sink v.
2432,slice,"n., v.",B1,,,,,,General,,slice,,"slice n., v."
2433,slightly,adv.,B1,,,,,,General,,slightly,,slightly adv.
2434,slow,v.,B1,,,,,,General,,slow,,slow v.
2435,smart,adj.,B1,,,,,,General,,smart,,smart adj.
2436,smooth,adj.,B1,,,,,,General,,smooth,,smooth adj.
2437,software,n.,B1,,,,,,General,,software,,software n.
2438,soil,n.,B1,,,,,,General,,soil,,soil n.
2439,solid,"adj., n.",B1,,,,,,General,,solid,,"solid adj., n."
2440,sort,v.,B1,,,,,,General,,sort,,sort v.
2441,southern,adj.,B1,,,,,,General,,southern,,southern adj.
2442,specifically,adv.,B1,,,,,,General,,specifically,,specifically adv.
2443,spending,n.,B1,,,,,,General,,spending,,spending n.
2444,spicy,adj.,B1,,,,,,General,,spicy,,spicy adj.
2445,spirit,n.,B1,,,,,,General,,spirit,,spirit n.
2446,spoken,adj.,B1,,,,,,General,,spoken,,spoken adj.
2447,spot,n.,B1,,,,,,General,,spot,,spot n.
2448,spread,v.,B1,,,,,,General,,spread,,spread v.
2449,spring,v.,B1,,,,,,General,,spring,,spring v.
2450,stadium,n.,B1,,,,,,General,,stadium,,stadium n.
2451,staff,n.,B1,,,,,,General,,staff,,staff n.
2452,standard,"n., adj.",B1,,,,,,General,,standard,,"standard n., adj."
2453,state,"adj., v.",B1,,,,,,General,,state,,"state adj., v."
2454,statistic,n.,B1,,,,,,General,,statistic,,statistic n.
2455,statue,n.,B1,,,,,,General,,statue,,statue n.
2456,stick,v.,B1,,,,,,General,,stick,push into/attach,stick (push into/attach) v.
2457,stick,n.,B1,,,,,,General,,stick,piece of wood,stick (piece of wood) n.
2458,still,adj.,B1,,,,,,General,,still,,still adj.
2459,store,v.,B1,,,,,,General,,store,,store v.
2460,stranger,n.,B1,,,,,,General,,stranger,,stranger n.
2461,strength,n.,B1,,,,,,General,,strength,,strength n.
2462,string,n.,B1,,,,,,General,,string,,string n.
2463,strongly,adv.,B1,,,,,,General,,strongly,,strongly adv.
2464,studio,n.,B1,,,,,,General,,studio,,studio n.
2465,stuff,n.,B1,,,,,,General,,stuff,,stuff n.
2466,substance,n.,B1,,,,,,General,,substance,,substance n.
2467,successfully,adv.,B1,,,,,,General,,successfully,,successfully adv.
2468,sudden,adj.,B1,,,,,,General,,sudden,,sudden adj.
2469,suffer,v.,B1,,,,,,General,,suffer,,suffer v.
2470,suit,v.,B1,,,,,,General,,suit,,suit v.
2471,suitable,adj.,B1,,,,,,General,,suitable,,suitable adj.
2472,summarize,v.,B1,,,,,,General,,summarize,,summarize v.
2473,summary,n.,B1,,,,,,General,,summary,,summary n.
2474,supply,"n., v.",B1,,,,,,General,,supply,,"supply n., v."
2475,supporter,n.,B1,,,,,,General,,supporter,,supporter n.
2476,surely,adv.,B1,,,,,,General,,surely,,surely adv.
2477,surface,n.,B1,,,,,,General,,surface,,surface n.
2478,survive,v.,B1,,,,,,General,,survive,,survive v.
2479,swim,n.,B1,,,,,,General,,swim,,swim n.
2480,switch,v.,B1,,,,,,General,,switch,,switch v.
2481,symptom,n.,B1,,,,,,General,,symptom,,symptom n.
2482,tail,n.,B1,,,,,,General,,tail,,tail n.
2483,talent,n.,B1,,,,,,General,,talent,,talent n.
2484,talented,adj.,B1,,,,,,General,,talented,,talented adj.
2485,tape,n.,B1,,,,,,General,,tape,,tape n.
2486,tax,"n., v.",B1,,,,,,General,,tax,,"tax n., v."
2487,technical,adj.,B1,,,,,,General,,technical,,technical adj.
2488,technique,n.,B1,,,,,,General,,technique,,technique n.
2489,tend,v.,B1,,,,,,General,,tend,,tend v.
2490,tent,n.,B1,,,,,,General,,tent,,tent n.
2491,that,adv.,B1,,,,,,General,,that,,that adv.
2492,theirs,pron.,B1,,,,,,General,,theirs,,theirs pron.
2493,theme,n.,B1,,,,,,General,,theme,,theme n.
2494,theory,n.,B1,,,,,,General,,theory,,theory n.
2495,therefore,adv.,B1,,,,,,General,,therefore,,therefore adv.
2496,this,adv.,B1,,,,,,General,,this,,this adv.
2497,though,"conj., adv.",B1,,,,,,General,,though,,"though conj., adv."
2498,throat,n.,B1,,,,,,General,,throat,,throat n.
2499,throughout,prep./adv.,B1,,,,,,General,,throughout,,throughout prep./adv.
2500,tight,adj.,B1,,,,,,General,,tight,,tight adj.
2501,till,conj./prep.,B1,,,,,,General,,till,,till conj./prep.
2502,tin,n.,B1,,,,,,General,,tin,,tin n.
2503,tiny,adj.,B1,,,,,,General,,tiny,,tiny adj.
2504,tip,v.,B1,,,,,,General,,tip,,tip v.
2505,toe,n.,B1,,,,,,General,,toe,,toe n.
2506,tongue,n.,B1,,,,,,General,,tongue,,tongue n.
2507,total,"adj., n.",B1,,,,,,General,,total,,"total adj., n."
2508,totally,adv.,B1,,,,,,General,,totally,,totally adv.
2509,touch,n.,B1,,,,,,General,,touch,,touch n.
2510,tour,v.,B1,,,,,,General,,tour,,tour v.
2511,trade,"n., v.",B1,,,,,,General,,trade,,"trade n., v."
2512,translate,v.,B1,,,,,,General,,translate,,translate v.
2513,translation,n.,B1,,,,,,General,,translation,,translation n.
2514,transport,v.,B1,,,,,,General,,transport,,transport v.
2515,treat,v.,B1,,,,,,General,,treat,,treat v.
2516,treatment,n.,B1,,,,,,General,,treatment,,treatment n.
2517,trend,n.,B1,,,,,,General,,trend,,trend n.
2518,trick,"n., v.",B1,,,,,,General,,trick,,"trick n., v."
2519,truth,n.,B1,,,,,,General,,truth,,truth n.
2520,tube,n.,B1,,,,,,General,,tube,,tube n.
2521,type,v.,B1,,,,,,General,,type,,type v.
2522,typically,adv.,B1,,,,,,General,,typically,,typically adv.
2523,tyre,n.,B1,,,,,,General,,tyre,,tyre n.
2524,ugly,adj.,B1,,,,,,General,,ugly,,ugly adj.
2525,unable,adj.,B1,,,,,,General,,unable,,unable adj.
2526,uncomfortable,adj.,B1,,,,,,General,,uncomfortable,,uncomfortable adj.
2527,underwear,n.,B1,,,,,,General,,underwear,,underwear n.
2528,unemployed,adj.,B1,,,,,,General,,unemployed,,unemployed adj.
2529,unemployment,n.,B1,,,,,,General,,unemployment,,unemployment n.
2530,unfair,adj.,B1,,,,,,General,,unfair,,unfair adj.
2531,union,n.,B1,,,,,,General,,union,,union n.
2532,unless,conj.,B1,,,,,,General,,unless,,unless conj.
2533,unlike,prep.,B1,,,,,,General,,unlike,,unlike prep.
2534,unlikely,adj.,B1,,,,,,General,,unlikely,,unlikely adj.
2535,unnecessary,adj.,B1,,,,,,General,,unnecessary,,unnecessary adj.
2536,unpleasant,adj.,B1,,,,,,General,,unpleasant,,unpleasant adj.
2537,update,"v., n.",B1,,,,,,General,,update,,"update v., n."
2538,upon,prep.,B1,,,,,,General,,upon,,upon prep.
2539,upset,"adj., v.",B1,,,,,,General,,upset,,"upset adj., v."
2540,used,adj.,B1,,,,,,General,,used,sense 1,used1 adj.
2541,used,adj.,B1,,,,,,General,,used,sense 2,used2 adj.
2542,valuable,adj.,B1,,,,,,General,,valuable,,valuable adj.
2543,value,n.,B1,,,,,,General,,value,,value n.
2544,various,adj.,B1,,,,,,General,,various,,various adj.
2545,version,n.,B1,,,,,,General,,version,,version n.
2546,victim,n.,B1,,,,,,General,,victim,,victim n.
2547,view,v.,B1,,,,,,General,,view,,view v.
2548,viewer,n.,B1,,,,,,General,,viewer,,viewer n.
2549,violent,adj.,B1,,,,,,General,,violent,,violent adj.
2550,volunteer,"n., v.",B1,,,,,,General,,volunteer,,"volunteer n., v."
2551,vote,"n., v.",B1,,,,,,General,,vote,,"vote n., v."
2552,warm,v.,B1,,,,,,General,,warm,,warm v.
2553,warn,v.,B1,,,,,,General,,warn,,warn v.
2554,warning,n.,B1,,,,,,General,,warning,,warning n.
2555,waste,"n., v., adj.",B1,,,,,,General,,waste,,"waste n., v., adj."
2556,water,v.,B1,,,,,,General,,water,,water v.
2557,wave,v.,B1,,,,,,General,,wave,,wave v.
2558,weapon,n.,B1,,,,,,General,,weapon,,weapon n.
2559,weigh,v.,B1,,,,,,General,,weigh,,weigh v.
2560,western,adj.,B1,,,,,,General,,western,,western adj.
2561,whatever,det./pron.,B1,,,,,,General,,whatever,,whatever det./pron.
2562,whenever,conj.,B1,,,,,,General,,whenever,,whenever conj.
2563,whether,conj.,B1,,,,,,General,,whether,,whether conj.
2564,while,n.,B1,,,,,,General,,while,,while n.
2565,whole,n.,B1,,,,,,General,,whole,,whole n.
2566,will,n.,B1,,,,,,General,,will,,will n.
2567,win,n.,B1,,,,,,General,,win,,win n.
2568,wing,n.,B1,,,,,,General,,wing,,wing n.
2569,within,prep.,B1,,,,,,General,,within,,within prep.
2570,wonder,"v., n.",B1,,,,,,General,,wonder,,"wonder v., n."
2571,wool,n.,B1,,,,,,General,,wool,,wool n.
2572,worldwide,"adj., adv.",B1,,,,,,General,,worldwide,,"worldwide adj., adv."
2573,worry,n.,B1,,,,,,General,,worry,,worry n.
2574,worse,adv.,B1,,,,,,General,,worse,,worse adv.
2575,worst,adv.,B1,,,,,,General,,worst,,worst adv.
2576,worth,adj.,B1,,,,,,General,,worth,,worth adj.
2577,written,adj.,B1,,,,,,General,,written,,written adj.
2578,wrong,adv.,B1,,,,,,General,,wrong,,wrong adv.
2579,yard,n.,B1,,,,,,General,,yard,,yard n.
2580,young,n.,B1,,,,,,General,,young,,young n.
2581,youth,n.,B1,,,,,,General,,youth,,youth n.
2582,abandon,v.,B2,,,,,,General,,abandon,,abandon v.
2583,absolute,adj.,B2,,,,,,General,,absolute,,absolute adj.
2584,academic,n.,B2,,,,,,General,,academic,,academic n.
2585,acceptable,adj.,B2,,,,,,General,,acceptable,,acceptable adj.
2586,accompany,v.,B2,,,,,,General,,accompany,,accompany v.
2587,account,v.,B2,,,,,,General,,account,,account v.
2588,accurate,adj.,B2,,,,,,General,,accurate,,accurate adj.
2589,accuse,v.,B2,,,,,,General,,accuse,,accuse v.
2590,acknowledge,v.,B2,,,,,,General,,acknowledge,,acknowledge v.
2591,acquire,v.,B2,,,,,,General,,acquire,,acquire v.
2592,actual,adj.,B2,,,,,,General,,actual,,actual adj.
2593,adapt,v.,B2,,,,,,General,,adapt,,adapt v.
2594,additional,adj.,B2,,,,,,General,,additional,,additional adj.
2595,address,v.,B2,,,,,,General,,address,,address v.
2596,administration,n.,B2,,,,,,General,,administration,,administration n.
2597,adopt,v.,B2,,,,,,General,,adopt,,adopt v.
2598,advance,"n., v., adj.",B2,,,,,,General,,advance,,"advance n., v., adj."
2599,affair,n.,B2,,,,,,General,,affair,,affair n.
2600,afterwards,adv.,B2,,,,,,General,,afterwards,,afterwards adv.
2601,agency,n.,B2,,,,,,General,,agency,,agency n.
2602,agenda,n.,B2,,,,,,General,,agenda,,agenda n.
2603,aggressive,adj.,B2,,,,,,General,,aggressive,,aggressive adj.
2604,aid,"n., v.",B2,,,,,,General,,aid,,"aid n., v."
2605,aircraft,n.,B2,,,,,,General,,aircraft,,aircraft n.
2606,alarm,v.,B2,,,,,,General,,alarm,,alarm v.
2607,alter,v.,B2,,,,,,General,,alter,,alter v.
2608,amount,v.,B2,,,,,,General,,amount,,amount v.
2609,anger,n.,B2,,,,,,General,,anger,,anger n.
2610,angle,n.,B2,,,,,,General,,angle,,angle n.
2611,anniversary,n.,B2,,,,,,General,,anniversary,,anniversary n.
2612,annual,adj.,B2,,,,,,General,,annual,,annual adj.
2613,anxious,adj.,B2,,,,,,General,,anxious,,anxious adj.
2614,apparent,adj.,B2,,,,,,General,,apparent,,apparent adj.
2615,apparently,adv.,B2,,,,,,General,,apparently,,apparently adv.
2616,appeal,"n., v.",B2,,,,,,General,,appeal,,"appeal n., v."
2617,approach,"n., v.",B2,,,,,,General,,approach,,"approach n., v."
2618,appropriate,adj.,B2,,,,,,General,,appropriate,,appropriate adj.
2619,approval,n.,B2,,,,,,General,,approval,,approval n.
2620,approve,v.,B2,,,,,,General,,approve,,approve v.
2621,arise,v.,B2,,,,,,General,,arise,,arise v.
2622,armed,adj.,B2,,,,,,General,,armed,,armed adj.
2623,arms,n.,B2,,,,,,General,,arms,,arms n.
2624,artificial,adj.,B2,,,,,,General,,artificial,,artificial adj.
2625,artistic,adj.,B2,,,,,,General,,artistic,,artistic adj.
2626,ashamed,adj.,B2,,,,,,General,,ashamed,,ashamed adj.
2627,aspect,n.,B2,,,,,,General,,aspect,,aspect n.
2628,assess,v.,B2,,,,,,General,,assess,,assess v.
2629,assessment,n.,B2,,,,,,General,,assessment,,assessment n.
2630,associate,v.,B2,,,,,,General,,associate,,associate v.
2631,associated,adj.,B2,,,,,,General,,associated,,associated adj.
2632,association,n.,B2,,,,,,General,,association,,association n.
2633,assume,v.,B2,,,,,,General,,assume,,assume v.
2634,attempt,"n., v.",B2,,,,,,General,,attempt,,"attempt n., v."
2635,back,v.,B2,,,,,,General,,back,,back v.
2636,bacteria,n.,B2,,,,,,General,,bacteria,,bacteria n.
2637,bar,v.,B2,,,,,,General,,bar,,bar v.
2638,barrier,n.,B2,,,,,,General,,barrier,,barrier n.
2639,basically,adv.,B2,,,,,,General,,basically,,basically adv.
2640,battle,v.,B2,,,,,,General,,battle,,battle v.
2641,bear,v.,B2,,,,,,General,,bear,deal with,bear (deal with) v.
2642,beat,n.,B2,,,,,,General,,beat,,beat n.
2643,beg,v.,B2,,,,,,General,,beg,,beg v.
2644,being,n.,B2,,,,,,General,,being,,being n.
2645,bent,adj.,B2,,,,,,General,,bent,,bent adj.
2646,bet,"v., n.",B2,,,,,,General,,bet,,"bet v., n."
2647,beyond,"prep., adv.",B2,,,,,,General,,beyond,,"beyond prep., adv."
2648,bill,v.,B2,,,,,,General,,bill,,bill v.
2649,bitter,adj.,B2,,,,,,General,,bitter,,bitter adj.
2650,blame,"v., n.",B2,,,,,,General,,blame,,"blame v., n."
2651,blind,adj.,B2,,,,,,General,,blind,,blind adj.
2652,bond,n.,B2,,,,,,General,,bond,,bond n.
2653,border,v.,B2,,,,,,General,,border,,border v.
2654,breast,n.,B2,,,,,,General,,breast,,breast n.
2655,brief,adj.,B2,,,,,,General,,brief,,brief adj.
2656,broad,adj.,B2,,,,,,General,,broad,,broad adj.
2657,broadcast,"v., n.",B2,,,,,,General,,broadcast,,"broadcast v., n."
2658,budget,n.,B2,,,,,,General,,budget,,budget n.
2659,bullet,n.,B2,,,,,,General,,bullet,,bullet n.
2660,bunch,n.,B2,,,,,,General,,bunch,,bunch n.
2661,burn,n.,B2,,,,,,General,,burn,,burn n.
2662,bush,n.,B2,,,,,,General,,bush,,bush n.
2663,but,prep.,B2,,,,,,General,,but,,but prep.
2664,cable,n.,B2,,,,,,General,,cable,,cable n.
2665,calculate,v.,B2,,,,,,General,,calculate,,calculate v.
2666,cancel,v.,B2,,,,,,General,,cancel,,cancel v.
2667,cancer,n.,B2,,,,,,General,,cancer,,cancer n.
2668,capable,adj.,B2,,,,,,General,,capable,,capable adj.
2669,capacity,n.,B2,,,,,,General,,capacity,,capacity n.
2670,capture,"v., n.",B2,,,,,,General,,capture,,"capture v., n."
2671,cast,"n., v.",B2,,,,,,General,,cast,,"cast n., v."
2672,catch,n.,B2,,,,,,General,,catch,,catch n.
2673,cell,n.,B2,,,,,,General,,cell,,cell n.
2674,chain,v.,B2,,,,,,General,,chain,,chain v.
2675,chair,v.,B2,,,,,,General,,chair,,chair v.
2676,chairman,n.,B2,,,,,,General,,chairman,,chairman n.
2677,challenge,v.,B2,,,,,,General,,challenge,,challenge v.
2678,characteristic,"n., adj.",B2,,,,,,General,,characteristic,,"characteristic n., adj."
2679,chart,v.,B2,,,,,,General,,chart,,chart v.
2680,chief,"adj., n.",B2,,,,,,General,,chief,,"chief adj., n."
2681,circumstance,n.,B2,,,,,,General,,circumstance,,circumstance n.
2682,cite,v.,B2,,,,,,General,,cite,,cite v.
2683,citizen,n.,B2,,,,,,General,,citizen,,citizen n.
2684,civil,adj.,B2,,,,,,General,,civil,,civil adj.
2685,classic,"adj., n.",B2,,,,,,General,,classic,,"classic adj., n."
2686,close,n.,B2,,,,,,General,,close,sense 1,close1 n.
2687,closely,adv.,B2,,,,,,General,,closely,,closely adv.
2688,collapse,"v., n.",B2,,,,,,General,,collapse,,"collapse v., n."
2689,combination,n.,B2,,,,,,General,,combination,,combination n.
2690,comfort,"n., v.",B2,,,,,,General,,comfort,,"comfort n., v."
2691,command,"n., v.",B2,,,,,,General,,command,,"command n., v."
2692,commission,"n., v.",B2,,,,,,General,,commission,,"commission n., v."
2693,commitment,n.,B2,,,,,,General,,commitment,,commitment n.
2694,committee,n.,B2,,,,,,General,,committee,,committee n.
2695,commonly,adv.,B2,,,,,,General,,commonly,,commonly adv.
2696,complex,n.,B2,,,,,,General,,complex,,complex n.
2697,complicated,adj.,B2,,,,,,General,,complicated,,complicated adj.
2698,component,n.,B2,,,,,,General,,component,,component n.
2699,concentration,n.,B2,,,,,,General,,concentration,,concentration n.
2700,concept,n.,B2,,,,,,General,,concept,,concept n.
2701,concern,"n., v.",B2,,,,,,General,,concern,,"concern n., v."
2702,concerned,adj.,B2,,,,,,General,,concerned,,concerned adj.
2703,conduct,"v., n.",B2,,,,,,General,,conduct,,"conduct v., n."
2704,confidence,n.,B2,,,,,,General,,confidence,,confidence n.
2705,conflict,"n., v.",B2,,,,,,General,,conflict,,"conflict n., v."
2706,confusing,adj.,B2,,,,,,General,,confusing,,confusing adj.
2707,conscious,adj.,B2,,,,,,General,,conscious,,conscious adj.
2708,conservative,"adj., n.",B2,,,,,,General,,conservative,,"conservative adj., n."
2709,consideration,n.,B2,,,,,,General,,consideration,,consideration n.
2710,consistent,adj.,B2,,,,,,General,,consistent,,consistent adj.
2711,constant,adj.,B2,,,,,,General,,constant,,constant adj.
2712,constantly,adv.,B2,,,,,,General,,constantly,,constantly adv.
2713,construct,v.,B2,,,,,,General,,construct,,construct v.
2714,construction,n.,B2,,,,,,General,,construction,,construction n.
2715,contemporary,adj.,B2,,,,,,General,,contemporary,,contemporary adj.
2716,contest,"n., v.",B2,,,,,,General,,contest,,"contest n., v."
2717,contract,"n., v.",B2,,,,,,General,,contract,,"contract n., v."
2718,contribute,v.,B2,,,,,,General,,contribute,,contribute v.
2719,contribution,n.,B2,,,,,,General,,contribution,,contribution n.
2720,convert,v.,B2,,,,,,General,,convert,,convert v.
2721,convinced,adj.,B2,,,,,,General,,convinced,,convinced adj.
2722,core,"n., adj.",B2,,,,,,General,,core,,"core n., adj."
2723,corporate,adj.,B2,,,,,,General,,corporate,,corporate adj.
2724,council,n.,B2,,,,,,General,,council,,council n.
2725,county,n.,B2,,,,,,General,,county,,county n.
2726,courage,n.,B2,,,,,,General,,courage,,courage n.
2727,crash,"n., v.",B2,,,,,,General,,crash,,"crash n., v."
2728,creation,n.,B2,,,,,,General,,creation,,creation n.
2729,creature,n.,B2,,,,,,General,,creature,,creature n.
2730,credit,v.,B2,,,,,,General,,credit,,credit v.
2731,crew,n.,B2,,,,,,General,,crew,,crew n.
2732,crisis,n.,B2,,,,,,General,,crisis,,crisis n.
2733,criterion,n.,B2,,,,,,General,,criterion,,criterion n.
2734,critic,n.,B2,,,,,,General,,critic,,critic n.
2735,critical,adj.,B2,,,,,,General,,critical,,critical adj.
2736,criticism,n.,B2,,,,,,General,,criticism,,criticism n.
2737,criticize,v.,B2,,,,,,General,,criticize,,criticize v.
2738,crop,n.,B2,,,,,,General,,crop,,crop n.
2739,crucial,adj.,B2,,,,,,General,,crucial,,crucial adj.
2740,cry,n.,B2,,,,,,General,,cry,,cry n.
2741,cure,"v., n.",B2,,,,,,General,,cure,,"cure v., n."
2742,current,n.,B2,,,,,,General,,current,,current n.
2743,curve,"n., v.",B2,,,,,,General,,curve,,"curve n., v."
2744,curved,adj.,B2,,,,,,General,,curved,,curved adj.
2745,date,v.,B2,,,,,,General,,date,,date v.
2746,debate,"n., v.",B2,,,,,,General,,debate,,"debate n., v."
2747,debt,n.,B2,,,,,,General,,debt,,debt n.
2748,decent,adj.,B2,,,,,,General,,decent,,decent adj.
2749,declare,v.,B2,,,,,,General,,declare,,declare v.
2750,decline,"v., n.",B2,,,,,,General,,decline,,"decline v., n."
2751,decoration,n.,B2,,,,,,General,,decoration,,decoration n.
2752,decrease,"v., n.",B2,,,,,,General,,decrease,,"decrease v., n."
2753,deeply,adv.,B2,,,,,,General,,deeply,,deeply adv.
2754,defeat,"v., n.",B2,,,,,,General,,defeat,,"defeat v., n."
2755,defence,n.,B2,,,,,,General,,defence,,defence n.
2756,defend,v.,B2,,,,,,General,,defend,,defend v.
2757,delay,"v., n.",B2,,,,,,General,,delay,,"delay v., n."
2758,deliberate,adj.,B2,,,,,,General,,deliberate,,deliberate adj.
2759,deliberately,adv.,B2,,,,,,General,,deliberately,,deliberately adv.
2760,delight,"v., n.",B2,,,,,,General,,delight,,"delight v., n."
2761,delighted,adj.,B2,,,,,,General,,delighted,,delighted adj.
2762,delivery,n.,B2,,,,,,General,,delivery,,delivery n.
2763,demand,"n., v.",B2,,,,,,General,,demand,,"demand n., v."
2764,demonstrate,v.,B2,,,,,,General,,demonstrate,,demonstrate v.
2765,deny,v.,B2,,,,,,General,,deny,,deny v.
2766,depressed,adj.,B2,,,,,,General,,depressed,,depressed adj.
2767,depressing,adj.,B2,,,,,,General,,depressing,,depressing adj.
2768,depth,n.,B2,,,,,,General,,depth,,depth n.
2769,desert,v.,B2,,,,,,General,,desert,,desert v.
2770,deserve,v.,B2,,,,,,General,,deserve,,deserve v.
2771,desire,"n., v.",B2,,,,,,General,,desire,,"desire n., v."
2772,desperate,adj.,B2,,,,,,General,,desperate,,desperate adj.
2773,detail,v.,B2,,,,,,General,,detail,,detail v.
2774,detailed,adj.,B2,,,,,,General,,detailed,,detailed adj.
2775,detect,v.,B2,,,,,,General,,detect,,detect v.
2776,dig,v.,B2,,,,,,General,,dig,,dig v.
2777,disc,n.,B2,,,,,,General,,disc,,disc n.
2778,discipline,n.,B2,,,,,,General,,discipline,,discipline n.
2779,discount,v.,B2,,,,,,General,,discount,,discount v.
2780,dishonest,adj.,B2,,,,,,General,,dishonest,,dishonest adj.
2781,dismiss,v.,B2,,,,,,General,,dismiss,,dismiss v.
2782,display,"v., n.",B2,,,,,,General,,display,,"display v., n."
2783,distribute,v.,B2,,,,,,General,,distribute,,distribute v.
2784,distribution,n.,B2,,,,,,General,,distribution,,distribution n.
2785,district,n.,B2,,,,,,General,,district,,district n.
2786,divide,n.,B2,,,,,,General,,divide,,divide n.
2787,division,n.,B2,,,,,,General,,division,,division n.
2788,document,v.,B2,,,,,,General,,document,,document v.
2789,domestic,adj.,B2,,,,,,General,,domestic,,domestic adj.
2790,dominate,v.,B2,,,,,,General,,dominate,,dominate v.
2791,downwards,adv.,B2,,,,,,General,,downwards,,downwards adv.
2792,dozen,"n., det.",B2,,,,,,General,,dozen,,"dozen n., det."
2793,draft,"n., v.",B2,,,,,,General,,draft,,"draft n., v."
2794,drag,v.,B2,,,,,,General,,drag,,drag v.
2795,dramatic,adj.,B2,,,,,,General,,dramatic,,dramatic adj.
2796,edit,v.,B2,,,,,,General,,edit,,edit v.
2797,edition,n.,B2,,,,,,General,,edition,,edition n.
2798,efficient,adj.,B2,,,,,,General,,efficient,,efficient adj.
2799,elderly,adj.,B2,,,,,,General,,elderly,,elderly adj.
2800,elect,v.,B2,,,,,,General,,elect,,elect v.
2801,elsewhere,adv.,B2,,,,,,General,,elsewhere,,elsewhere adv.
2802,emerge,v.,B2,,,,,,General,,emerge,,emerge v.
2803,emotional,adj.,B2,,,,,,General,,emotional,,emotional adj.
2804,emphasis,n.,B2,,,,,,General,,emphasis,,emphasis n.
2805,emphasize,v.,B2,,,,,,General,,emphasize,,emphasize v.
2806,enable,v.,B2,,,,,,General,,enable,,enable v.
2807,encounter,"v., n.",B2,,,,,,General,,encounter,,"encounter v., n."
2808,engage,v.,B2,,,,,,General,,engage,,engage v.
2809,enhance,v.,B2,,,,,,General,,enhance,,enhance v.
2810,enquiry,n.,B2,,,,,,General,,enquiry,,enquiry n.
2811,ensure,v.,B2,,,,,,General,,ensure,,ensure v.
2812,enthusiasm,n.,B2,,,,,,General,,enthusiasm,,enthusiasm n.
2813,enthusiastic,adj.,B2,,,,,,General,,enthusiastic,,enthusiastic adj.
2814,entire,adj.,B2,,,,,,General,,entire,,entire adj.
2815,entirely,adv.,B2,,,,,,General,,entirely,,entirely adv.
2816,equal,n.,B2,,,,,,General,,equal,,equal n.
2817,establish,v.,B2,,,,,,General,,establish,,establish v.
2818,estate,n.,B2,,,,,,General,,estate,,estate n.
2819,estimate,"v., n.",B2,,,,,,General,,estimate,,"estimate v., n."
2820,ethical,adj.,B2,,,,,,General,,ethical,,ethical adj.
2821,evaluate,v.,B2,,,,,,General,,evaluate,,evaluate v.
2822,even,adj.,B2,,,,,,General,,even,,even adj.
2823,evil,"adj., n.",B2,,,,,,General,,evil,,"evil adj., n."
2824,examination,n.,B2,,,,,,General,,examination,,examination n.
2825,excuse,"n., v.",B2,,,,,,General,,excuse,,"excuse n., v."
2826,executive,"n., adj.",B2,,,,,,General,,executive,,"executive n., adj."
2827,existence,n.,B2,,,,,,General,,existence,,existence n.
2828,expectation,n.,B2,,,,,,General,,expectation,,expectation n.
2829,expense,n.,B2,,,,,,General,,expense,,expense n.
2830,exploration,n.,B2,,,,,,General,,exploration,,exploration n.
2831,expose,v.,B2,,,,,,General,,expose,,expose v.
2832,extend,v.,B2,,,,,,General,,extend,,extend v.
2833,extent,n.,B2,,,,,,General,,extent,,extent n.
2834,external,adj.,B2,,,,,,General,,external,,external adj.
2835,extraordinary,adj.,B2,,,,,,General,,extraordinary,,extraordinary adj.
2836,extreme,n.,B2,,,,,,General,,extreme,,extreme n.
2837,facility,n.,B2,,,,,,General,,facility,,facility n.
2838,failure,n.,B2,,,,,,General,,failure,,failure n.
2839,faith,n.,B2,,,,,,General,,faith,,faith n.
2840,fault,n.,B2,,,,,,General,,fault,,fault n.
2841,favour,v.,B2,,,,,,General,,favour,,favour v.
2842,feather,n.,B2,,,,,,General,,feather,,feather n.
2843,fee,n.,B2,,,,,,General,,fee,,fee n.
2844,feed,n.,B2,,,,,,General,,feed,,feed n.
2845,feedback,n.,B2,,,,,,General,,feedback,,feedback n.
2846,feel,n.,B2,,,,,,General,,feel,,feel n.
2847,fellow,adj.,B2,,,,,,General,,fellow,,fellow adj.
2848,figure,v.,B2,,,,,,General,,figure,,figure v.
2849,file,v.,B2,,,,,,General,,file,,file v.
2850,finance,"n., v.",B2,,,,,,General,,finance,,"finance n., v."
2851,finding,n.,B2,,,,,,General,,finding,,finding n.
2852,firm,n.,B2,,,,,,General,,firm,,firm n.
2853,fix,n.,B2,,,,,,General,,fix,,fix n.
2854,flame,n.,B2,,,,,,General,,flame,,flame n.
2855,flash,"n., v.",B2,,,,,,General,,flash,,"flash n., v."
2856,flexible,adj.,B2,,,,,,General,,flexible,,flexible adj.
2857,float,v.,B2,,,,,,General,,float,,float v.
2858,fold,n.,B2,,,,,,General,,fold,,fold n.
2859,folding,adj.,B2,,,,,,General,,folding,,folding adj.
2860,following,prep.,B2,,,,,,General,,following,,following prep.
2861,forgive,v.,B2,,,,,,General,,forgive,,forgive v.
2862,former,adj.,B2,,,,,,General,,former,,former adj.
2863,fortune,n.,B2,,,,,,General,,fortune,,fortune n.
2864,forward,adj.,B2,,,,,,General,,forward,,forward adj.
2865,found,v.,B2,,,,,,General,,found,,found v.
2866,free,v.,B2,,,,,,General,,free,,free v.
2867,freedom,n.,B2,,,,,,General,,freedom,,freedom n.
2868,frequency,n.,B2,,,,,,General,,frequency,,frequency n.
2869,fuel,v.,B2,,,,,,General,,fuel,,fuel v.
2870,fully,adv.,B2,,,,,,General,,fully,,fully adv.
2871,function,v.,B2,,,,,,General,,function,,function v.
2872,fund,"n., v.",B2,,,,,,General,,fund,,"fund n., v."
2873,fundamental,adj.,B2,,,,,,General,,fundamental,,fundamental adj.
2874,funding,n.,B2,,,,,,General,,funding,,funding n.
2875,furthermore,adv.,B2,,,,,,General,,furthermore,,furthermore adv.
2876,gain,"v., n.",B2,,,,,,General,,gain,,"gain v., n."
2877,gang,n.,B2,,,,,,General,,gang,,gang n.
2878,generate,v.,B2,,,,,,General,,generate,,generate v.
2879,genre,n.,B2,,,,,,General,,genre,,genre n.
2880,govern,v.,B2,,,,,,General,,govern,,govern v.
2881,grab,v.,B2,,,,,,General,,grab,,grab v.
2882,grade,v.,B2,,,,,,General,,grade,,grade v.
2883,gradually,adv.,B2,,,,,,General,,gradually,,gradually adv.
2884,grand,adj.,B2,,,,,,General,,grand,,grand adj.
2885,grant,"v., n.",B2,,,,,,General,,grant,,"grant v., n."
2886,guarantee,"v., n.",B2,,,,,,General,,guarantee,,"guarantee v., n."
2887,handle,"v., n.",B2,,,,,,General,,handle,,"handle v., n."
2888,harm,"n., v.",B2,,,,,,General,,harm,,"harm n., v."
2889,harmful,adj.,B2,,,,,,General,,harmful,,harmful adj.
2890,hearing,n.,B2,,,,,,General,,hearing,,hearing n.
2891,heaven,n.,B2,,,,,,General,,heaven,,heaven n.
2892,heel,n.,B2,,,,,,General,,heel,,heel n.
2893,hell,n.,B2,,,,,,General,,hell,,hell n.
2894,hesitate,v.,B2,,,,,,General,,hesitate,,hesitate v.
2895,high,n.,B2,,,,,,General,,high,,high n.
2896,hire,n.,B2,,,,,,General,,hire,,hire n.
2897,hold,n.,B2,,,,,,General,,hold,,hold n.
2898,hollow,adj.,B2,,,,,,General,,hollow,,hollow adj.
2899,holy,adj.,B2,,,,,,General,,holy,,holy adj.
2900,honour,"n., v.",B2,,,,,,General,,honour,,"honour n., v."
2901,host,v.,B2,,,,,,General,,host,,host v.
2902,house,v.,B2,,,,,,General,,house,,house v.
2903,household,n.,B2,,,,,,General,,household,,household n.
2904,housing,n.,B2,,,,,,General,,housing,,housing n.
2905,humorous,adj.,B2,,,,,,General,,humorous,,humorous adj.
2906,humour,n.,B2,,,,,,General,,humour,,humour n.
2907,hunt,n.,B2,,,,,,General,,hunt,,hunt n.
2908,hunting,n.,B2,,,,,,General,,hunting,,hunting n.
2909,hurt,n.,B2,,,,,,General,,hurt,,hurt n.
2910,ideal,n.,B2,,,,,,General,,ideal,,ideal n.
2911,illustrate,v.,B2,,,,,,General,,illustrate,,illustrate v.
2912,illustration,n.,B2,,,,,,General,,illustration,,illustration n.
2913,imagination,n.,B2,,,,,,General,,imagination,,imagination n.
2914,impatient,adj.,B2,,,,,,General,,impatient,,impatient adj.
2915,imply,v.,B2,,,,,,General,,imply,,imply v.
2916,impose,v.,B2,,,,,,General,,impose,,impose v.
2917,impress,v.,B2,,,,,,General,,impress,,impress v.
2918,impressed,adj.,B2,,,,,,General,,impressed,,impressed adj.
2919,inch,n.,B2,,,,,,General,,inch,,inch n.
2920,incident,n.,B2,,,,,,General,,incident,,incident n.
2921,income,n.,B2,,,,,,General,,income,,income n.
2922,increasingly,adv.,B2,,,,,,General,,increasingly,,increasingly adv.
2923,industrial,adj.,B2,,,,,,General,,industrial,,industrial adj.
2924,infection,n.,B2,,,,,,General,,infection,,infection n.
2925,inform,v.,B2,,,,,,General,,inform,,inform v.
2926,initial,adj.,B2,,,,,,General,,initial,,initial adj.
2927,initially,adv.,B2,,,,,,General,,initially,,initially adv.
2928,initiative,n.,B2,,,,,,General,,initiative,,initiative n.
2929,inner,adj.,B2,,,,,,General,,inner,,inner adj.
2930,insight,n.,B2,,,,,,General,,insight,,insight n.
2931,insist,v.,B2,,,,,,General,,insist,,insist v.
2932,inspire,v.,B2,,,,,,General,,inspire,,inspire v.
2933,install,v.,B2,,,,,,General,,install,,install v.
2934,instance,n.,B2,,,,,,General,,instance,,instance n.
2935,institute,n.,B2,,,,,,General,,institute,,institute n.
2936,institution,n.,B2,,,,,,General,,institution,,institution n.
2937,insurance,n.,B2,,,,,,General,,insurance,,insurance n.
2938,intended,adj.,B2,,,,,,General,,intended,,intended adj.
2939,intense,adj.,B2,,,,,,General,,intense,,intense adj.
2940,internal,adj.,B2,,,,,,General,,internal,,internal adj.
2941,interpret,v.,B2,,,,,,General,,interpret,,interpret v.
2942,interrupt,v.,B2,,,,,,General,,interrupt,,interrupt v.
2943,investigation,n.,B2,,,,,,General,,investigation,,investigation n.
2944,investment,n.,B2,,,,,,General,,investment,,investment n.
2945,issue,v.,B2,,,,,,General,,issue,,issue v.
2946,joy,n.,B2,,,,,,General,,joy,,joy n.
2947,judgement,n.,B2,,,,,,General,,judgement,,judgement n.
2948,junior,adj.,B2,,,,,,General,,junior,,junior adj.
2949,justice,n.,B2,,,,,,General,,justice,,justice n.
2950,justify,v.,B2,,,,,,General,,justify,,justify v.
2951,labour,n.,B2,,,,,,General,,labour,,labour n.
2952,landscape,n.,B2,,,,,,General,,landscape,,landscape n.
2953,largely,adv.,B2,,,,,,General,,largely,,largely adv.
2954,latest,n.,B2,,,,,,General,,latest,,latest n.
2955,launch,"v., n.",B2,,,,,,General,,launch,,"launch v., n."
2956,leadership,n.,B2,,,,,,General,,leadership,,leadership n.
2957,league,n.,B2,,,,,,General,,league,,league n.
2958,lean,v.,B2,,,,,,General,,lean,,lean v.
2959,leave,n.,B2,,,,,,General,,leave,,leave n.
2960,level,v.,B2,,,,,,General,,level,,level v.
2961,licence,n.,B2,,,,,,General,,licence,,licence n.
2962,limited,adj.,B2,,,,,,General,,limited,,limited adj.
2963,line,v.,B2,,,,,,General,,line,,line v.
2964,lively,adj.,B2,,,,,,General,,lively,,lively adj.
2965,load,"n., v.",B2,,,,,,General,,load,,"load n., v."
2966,loan,n.,B2,,,,,,General,,loan,,loan n.
2967,logical,adj.,B2,,,,,,General,,logical,,logical adj.
2968,long-term,"adj., adv.",B2,,,,,,General,,long_term,,"long-term adj., adv."
2969,loose,adj.,B2,,,,,,General,,loose,,loose adj.
2970,lord,n.,B2,,,,,,General,,lord,,lord n.
2971,low,n.,B2,,,,,,General,,low,,low n.
2972,lower,v.,B2,,,,,,General,,lower,,lower v.
2973,lung,n.,B2,,,,,,General,,lung,,lung n.
2974,maintain,v.,B2,,,,,,General,,maintain,,maintain v.
2975,majority,n.,B2,,,,,,General,,majority,,majority n.
2976,make,n.,B2,,,,,,General,,make,,make n.
2977,map,v.,B2,,,,,,General,,map,,map v.
2978,mass,"n., adj.",B2,,,,,,General,,mass,,"mass n., adj."
2979,massive,adj.,B2,,,,,,General,,massive,,massive adj.
2980,master,"n., v.",B2,,,,,,General,,master,,"master n., v."
2981,matching,adj.,B2,,,,,,General,,matching,,matching adj.
2982,material,adj.,B2,,,,,,General,,material,,material adj.
2983,maximum,"adj., n.",B2,,,,,,General,,maximum,,"maximum adj., n."
2984,means,n.,B2,,,,,,General,,means,,means n.
2985,measurement,n.,B2,,,,,,General,,measurement,,measurement n.
2986,medium,n.,B2,,,,,,General,,medium,,medium n.
2987,melt,v.,B2,,,,,,General,,melt,,melt v.
2988,military,"adj., n.",B2,,,,,,General,,military,,"military adj., n."
2989,mineral,n.,B2,,,,,,General,,mineral,,mineral n.
2990,minimum,"adj., n.",B2,,,,,,General,,minimum,,"minimum adj., n."
2991,minister,n.,B2,,,,,,General,,minister,,minister n.
2992,minor,adj.,B2,,,,,,General,,minor,,minor adj.
2993,minority,n.,B2,,,,,,General,,minority,,minority n.
2994,mission,n.,B2,,,,,,General,,mission,,mission n.
2995,mistake,v.,B2,,,,,,General,,mistake,,mistake v.
2996,mixed,adj.,B2,,,,,,General,,mixed,,mixed adj.
2997,model,v.,B2,,,,,,General,,model,,model v.
2998,modify,v.,B2,,,,,,General,,modify,,modify v.
2999,monitor,"n., v.",B2,,,,,,General,,monitor,,"monitor n., v."
3000,moral,"adj., n.",B2,,,,,,General,,moral,,"moral adj., n."
3001,motor,"n., adj.",B2,,,,,,General,,motor,,"motor n., adj."
3002,mount,v.,B2,,,,,,General,,mount,,mount v.
3003,multiple,adj.,B2,,,,,,General,,multiple,,multiple adj.
3004,multiply,v.,B2,,,,,,General,,multiply,,multiply v.
3005,mysterious,adj.,B2,,,,,,General,,mysterious,,mysterious adj.
3006,narrow,v.,B2,,,,,,General,,narrow,,narrow v.
3007,national,n.,B2,,,,,,General,,national,,national n.
3008,neat,adj.,B2,,,,,,General,,neat,,neat adj.
3009,negative,n.,B2,,,,,,General,,negative,,negative n.
3010,nerve,n.,B2,,,,,,General,,nerve,,nerve n.
3011,nevertheless,adv.,B2,,,,,,General,,nevertheless,,nevertheless adv.
3012,nightmare,n.,B2,,,,,,General,,nightmare,,nightmare n.
3013,notion,n.,B2,,,,,,General,,notion,,notion n.
3014,numerous,adj.,B2,,,,,,General,,numerous,,numerous adj.
3015,obey,v.,B2,,,,,,General,,obey,,obey v.
3016,object,v.,B2,,,,,,General,,object,,object v.
3017,objective,"n., adj.",B2,,,,,,General,,objective,,"objective n., adj."
3018,obligation,n.,B2,,,,,,General,,obligation,,obligation n.
3019,observation,n.,B2,,,,,,General,,observation,,observation n.
3020,observe,v.,B2,,,,,,General,,observe,,observe v.
3021,obtain,v.,B2,,,,,,General,,obtain,,obtain v.
3022,occasionally,adv.,B2,,,,,,General,,occasionally,,occasionally adv.
3023,offence,n.,B2,,,,,,General,,offence,,offence n.
3024,offend,v.,B2,,,,,,General,,offend,,offend v.
3025,offensive,adj.,B2,,,,,,General,,offensive,,offensive adj.
3026,official,n.,B2,,,,,,General,,official,,official n.
3027,opening,n.,B2,,,,,,General,,opening,,opening n.
3028,operate,v.,B2,,,,,,General,,operate,,operate v.
3029,opponent,n.,B2,,,,,,General,,opponent,,opponent n.
3030,oppose,v.,B2,,,,,,General,,oppose,,oppose v.
3031,opposed,adj.,B2,,,,,,General,,opposed,,opposed adj.
3032,opposition,n.,B2,,,,,,General,,opposition,,opposition n.
3033,organ,n.,B2,,,,,,General,,organ,,organ n.
3034,origin,n.,B2,,,,,,General,,origin,,origin n.
3035,otherwise,adv.,B2,,,,,,General,,otherwise,,otherwise adv.
3036,outcome,n.,B2,,,,,,General,,outcome,,outcome n.
3037,outer,adj.,B2,,,,,,General,,outer,,outer adj.
3038,outline,"n., v.",B2,,,,,,General,,outline,,"outline n., v."
3039,overall,"adj., adv.",B2,,,,,,General,,overall,,"overall adj., adv."
3040,owe,v.,B2,,,,,,General,,owe,,owe v.
3041,pace,"n., v.",B2,,,,,,General,,pace,,"pace n., v."
3042,package,v.,B2,,,,,,General,,package,,package v.
3043,panel,n.,B2,,,,,,General,,panel,,panel n.
3044,parliament,n.,B2,,,,,,General,,parliament,,parliament n.
3045,participant,n.,B2,,,,,,General,,participant,,participant n.
3046,partly,adv.,B2,,,,,,General,,partly,,partly adv.
3047,passage,n.,B2,,,,,,General,,passage,,passage n.
3048,patient,adj.,B2,,,,,,General,,patient,,patient adj.
3049,pension,n.,B2,,,,,,General,,pension,sense 1,pension1 n.
3050,permanent,adj.,B2,,,,,,General,,permanent,,permanent adj.
3051,permit,"v., n.",B2,,,,,,General,,permit,,"permit v., n."
3052,perspective,n.,B2,,,,,,General,,perspective,,perspective n.
3053,phase,n.,B2,,,,,,General,,phase,,phase n.
3054,phenomenon,n.,B2,,,,,,General,,phenomenon,,phenomenon n.
3055,philosophy,n.,B2,,,,,,General,,philosophy,,philosophy n.
3056,pick,n.,B2,,,,,,General,,pick,,pick n.
3057,picture,v.,B2,,,,,,General,,picture,,picture v.
3058,pile,"n., v.",B2,,,,,,General,,pile,,"pile n., v."
3059,pitch,n.,B2,,,,,,General,,pitch,,pitch n.
3060,plain,adj.,B2,,,,,,General,,plain,,plain adj.
3061,plot,v.,B2,,,,,,General,,plot,,plot v.
3062,plus,"adj. , n., conj.",B2,,,,,,General,,plus,sense 1,"plus1 adj. , n., conj."
3063,pointed,adj.,B2,,,,,,General,,pointed,,pointed adj.
3064,popularity,n.,B2,,,,,,General,,popularity,,popularity n.
3065,pose,v.,B2,,,,,,General,,pose,,pose v.
3066,position,v.,B2,,,,,,General,,position,,position v.
3067,positive,n.,B2,,,,,,General,,positive,,positive n.
3068,possess,v.,B2,,,,,,General,,possess,,possess v.
3069,potential,"adj., n.",B2,,,,,,General,,potential,,"potential adj., n."
3070,power,v.,B2,,,,,,General,,power,,power v.
3071,praise,"n., v.",B2,,,,,,General,,praise,,"praise n., v."
3072,pregnant,adj.,B2,,,,,,General,,pregnant,,pregnant adj.
3073,preparation,n.,B2,,,,,,General,,preparation,,preparation n.
3074,presence,n.,B2,,,,,,General,,presence,,presence n.
3075,preserve,v.,B2,,,,,,General,,preserve,,preserve v.
3076,price,v.,B2,,,,,,General,,price,,price v.
3077,prime,adj.,B2,,,,,,General,,prime,,prime adj.
3078,principle,n.,B2,,,,,,General,,principle,,principle n.
3079,print,n.,B2,,,,,,General,,print,,print n.
3080,priority,n.,B2,,,,,,General,,priority,,priority n.
3081,privacy,n.,B2,,,,,,General,,privacy,,privacy n.
3082,procedure,n.,B2,,,,,,General,,procedure,,procedure n.
3083,process,v.,B2,,,,,,General,,process,,process v.
3084,produce,n.,B2,,,,,,General,,produce,,produce n.
3085,professional,n.,B2,,,,,,General,,professional,,professional n.
3086,progress,v.,B2,,,,,,General,,progress,,progress v.
3087,project,v.,B2,,,,,,General,,project,,project v.
3088,proof,n.,B2,,,,,,General,,proof,,proof n.
3089,proposal,n.,B2,,,,,,General,,proposal,,proposal n.
3090,propose,v.,B2,,,,,,General,,propose,,propose v.
3091,prospect,n.,B2,,,,,,General,,prospect,,prospect n.
3092,protection,n.,B2,,,,,,General,,protection,,protection n.
3093,psychologist,n.,B2,,,,,,General,,psychologist,,psychologist n.
3094,psychology,n.,B2,,,,,,General,,psychology,,psychology n.
3095,publication,n.,B2,,,,,,General,,publication,,publication n.
3096,pupil,n.,B2,,,,,,General,,pupil,,pupil n.
3097,purchase,"n., v.",B2,,,,,,General,,purchase,,"purchase n., v."
3098,pure,adj.,B2,,,,,,General,,pure,,pure adj.
3099,pursue,v.,B2,,,,,,General,,pursue,,pursue v.
3100,range,v.,B2,,,,,,General,,range,,range v.
3101,rank,"n., v.",B2,,,,,,General,,rank,,"rank n., v."
3102,rapid,adj.,B2,,,,,,General,,rapid,,rapid adj.
3103,rapidly,adv.,B2,,,,,,General,,rapidly,,rapidly adv.
3104,rate,v.,B2,,,,,,General,,rate,,rate v.
3105,raw,adj.,B2,,,,,,General,,raw,,raw adj.
3106,reach,n.,B2,,,,,,General,,reach,,reach n.
3107,realistic,adj.,B2,,,,,,General,,realistic,,realistic adj.
3108,reasonable,adj.,B2,,,,,,General,,reasonable,,reasonable adj.
3109,recall,v.,B2,,,,,,General,,recall,,recall v.
3110,recover,v.,B2,,,,,,General,,recover,,recover v.
3111,reduction,n.,B2,,,,,,General,,reduction,,reduction n.
3112,regard,"v., n.",B2,,,,,,General,,regard,,"regard v., n."
3113,regional,adj.,B2,,,,,,General,,regional,,regional adj.
3114,register,"v., n.",B2,,,,,,General,,register,,"register v., n."
3115,regret,"v., n.",B2,,,,,,General,,regret,,"regret v., n."
3116,regulation,n.,B2,,,,,,General,,regulation,,regulation n.
3117,relatively,adv.,B2,,,,,,General,,relatively,,relatively adv.
3118,relevant,adj.,B2,,,,,,General,,relevant,,relevant adj.
3119,relief,n.,B2,,,,,,General,,relief,,relief n.
3120,rely,v.,B2,,,,,,General,,rely,,rely v.
3121,remark,"n., v.",B2,,,,,,General,,remark,,"remark n., v."
3122,representative,"n., adj.",B2,,,,,,General,,representative,,"representative n., adj."
3123,reputation,n.,B2,,,,,,General,,reputation,,reputation n.
3124,requirement,n.,B2,,,,,,General,,requirement,,requirement n.
3125,rescue,"v., n.",B2,,,,,,General,,rescue,,"rescue v., n."
3126,reserve,"n., v.",B2,,,,,,General,,reserve,,"reserve n., v."
3127,resident,"n., adj.",B2,,,,,,General,,resident,,"resident n., adj."
3128,resist,v.,B2,,,,,,General,,resist,,resist v.
3129,resolve,v.,B2,,,,,,General,,resolve,,resolve v.
3130,resort,n.,B2,,,,,,General,,resort,,resort n.
3131,retain,v.,B2,,,,,,General,,retain,,retain v.
3132,reveal,v.,B2,,,,,,General,,reveal,,reveal v.
3133,revolution,n.,B2,,,,,,General,,revolution,,revolution n.
3134,reward,"n., v.",B2,,,,,,General,,reward,,"reward n., v."
3135,rhythm,n.,B2,,,,,,General,,rhythm,,rhythm n.
3136,rid,v.,B2,,,,,,General,,rid,,rid v.
3137,root,n.,B2,,,,,,General,,root,,root n.
3138,round,n.,B2,,,,,,General,,round,,round n.
3139,routine,adj.,B2,,,,,,General,,routine,,routine adj.
3140,rub,v.,B2,,,,,,General,,rub,,rub v.
3141,rubber,"n., adj.",B2,,,,,,General,,rubber,,"rubber n., adj."
3142,rural,adj.,B2,,,,,,General,,rural,,rural adj.
3143,rush,"v., n.",B2,,,,,,General,,rush,,"rush v., n."
3144,sample,v.,B2,,,,,,General,,sample,,sample v.
3145,satellite,n.,B2,,,,,,General,,satellite,,satellite n.
3146,satisfied,adj.,B2,,,,,,General,,satisfied,,satisfied adj.
3147,satisfy,v.,B2,,,,,,General,,satisfy,,satisfy v.
3148,saving,n.,B2,,,,,,General,,saving,,saving n.
3149,scale,n.,B2,,,,,,General,,scale,,scale n.
3150,schedule,v.,B2,,,,,,General,,schedule,,schedule v.
3151,scheme,n.,B2,,,,,,General,,scheme,,scheme n.
3152,scream,"v., n.",B2,,,,,,General,,scream,,"scream v., n."
3153,screen,v.,B2,,,,,,General,,screen,,screen v.
3154,seat,v.,B2,,,,,,General,,seat,,seat v.
3155,sector,n.,B2,,,,,,General,,sector,,sector n.
3156,secure,"v., adj.",B2,,,,,,General,,secure,,"secure v., adj."
3157,seek,v.,B2,,,,,,General,,seek,,seek v.
3158,select,v.,B2,,,,,,General,,select,,select v.
3159,selection,n.,B2,,,,,,General,,selection,,selection n.
3160,self,n.,B2,,,,,,General,,self,,self n.
3161,senior,adj.,B2,,,,,,General,,senior,,senior adj.
3162,sense,v.,B2,,,,,,General,,sense,,sense v.
3163,sensitive,adj.,B2,,,,,,General,,sensitive,,sensitive adj.
3164,sentence,v.,B2,,,,,,General,,sentence,,sentence v.
3165,sequence,n.,B2,,,,,,General,,sequence,,sequence n.
3166,session,n.,B2,,,,,,General,,session,,session n.
3167,settle,v.,B2,,,,,,General,,settle,,settle v.
3168,severe,adj.,B2,,,,,,General,,severe,,severe adj.
3169,shade,n.,B2,,,,,,General,,shade,,shade n.
3170,shadow,n.,B2,,,,,,General,,shadow,,shadow n.
3171,shallow,adj.,B2,,,,,,General,,shallow,,shallow adj.
3172,shame,n.,B2,,,,,,General,,shame,,shame n.
3173,shape,v.,B2,,,,,,General,,shape,,shape v.
3174,shelter,"n., v.",B2,,,,,,General,,shelter,,"shelter n., v."
3175,shift,v.,B2,,,,,,General,,shift,,shift v.
3176,ship,v.,B2,,,,,,General,,ship,,ship v.
3177,shock,"n., v.",B2,,,,,,General,,shock,,"shock n., v."
3178,shocked,adj.,B2,,,,,,General,,shocked,,shocked adj.
3179,shooting,n.,B2,,,,,,General,,shooting,,shooting n.
3180,shot,n.,B2,,,,,,General,,shot,,shot n.
3181,significant,adj.,B2,,,,,,General,,significant,,significant adj.
3182,significantly,adv.,B2,,,,,,General,,significantly,,significantly adv.
3183,silence,n.,B2,,,,,,General,,silence,,silence n.
3184,silk,n.,B2,,,,,,General,,silk,,silk n.
3185,sincere,adj.,B2,,,,,,General,,sincere,,sincere adj.
3186,slave,n.,B2,,,,,,General,,slave,,slave n.
3187,slide,"v., n.",B2,,,,,,General,,slide,,"slide v., n."
3188,slight,adj.,B2,,,,,,General,,slight,,slight adj.
3189,slip,v.,B2,,,,,,General,,slip,,slip v.
3190,slope,"n., v.",B2,,,,,,General,,slope,,"slope n., v."
3191,solar,adj.,B2,,,,,,General,,solar,,solar adj.
3192,somewhat,adv.,B2,,,,,,General,,somewhat,,somewhat adv.
3193,soul,n.,B2,,,,,,General,,soul,,soul n.
3194,specialist,"n., adj.",B2,,,,,,General,,specialist,,"specialist n., adj."
3195,species,n.,B2,,,,,,General,,species,,species n.
3196,speed,v.,B2,,,,,,General,,speed,,speed v.
3197,spiritual,adj.,B2,,,,,,General,,spiritual,,spiritual adj.
3198,split,"v., n.",B2,,,,,,General,,split,,"split v., n."
3199,sponsor,"v., n.",B2,,,,,,General,,sponsor,,"sponsor v., n."
3200,spot,v.,B2,,,,,,General,,spot,,spot v.
3201,spread,n.,B2,,,,,,General,,spread,,spread n.
3202,stable,adj.,B2,,,,,,General,,stable,,stable adj.
3203,stage,v.,B2,,,,,,General,,stage,,stage v.
3204,stand,n.,B2,,,,,,General,,stand,,stand n.
3205,stare,v.,B2,,,,,,General,,stare,,stare v.
3206,status,n.,B2,,,,,,General,,status,,status n.
3207,steady,adj.,B2,,,,,,General,,steady,,steady adj.
3208,steel,n.,B2,,,,,,General,,steel,,steel n.
3209,steep,adj.,B2,,,,,,General,,steep,,steep adj.
3210,step,v.,B2,,,,,,General,,step,,step v.
3211,sticky,adj.,B2,,,,,,General,,sticky,,sticky adj.
3212,stiff,adj.,B2,,,,,,General,,stiff,,stiff adj.
3213,stock,n.,B2,,,,,,General,,stock,,stock n.
3214,stream,n.,B2,,,,,,General,,stream,,stream n.
3215,stretch,"v., n.",B2,,,,,,General,,stretch,,"stretch v., n."
3216,strict,adj.,B2,,,,,,General,,strict,,strict adj.
3217,strike,"v., n.",B2,,,,,,General,,strike,,"strike v., n."
3218,structure,v.,B2,,,,,,General,,structure,,structure v.
3219,struggle,"v., n.",B2,,,,,,General,,struggle,,"struggle v., n."
3220,stuff,v.,B2,,,,,,General,,stuff,,stuff v.
3221,subject,adj.,B2,,,,,,General,,subject,,subject adj.
3222,submit,v.,B2,,,,,,General,,submit,,submit v.
3223,sum,"n., v.",B2,,,,,,General,,sum,,"sum n., v."
3224,surgery,n.,B2,,,,,,General,,surgery,,surgery n.
3225,surround,v.,B2,,,,,,General,,surround,,surround v.
3226,surrounding,adj.,B2,,,,,,General,,surrounding,,surrounding adj.
3227,survey,v.,B2,,,,,,General,,survey,,survey v.
3228,suspect,"v., n.",B2,,,,,,General,,suspect,,"suspect v., n."
3229,swear,v.,B2,,,,,,General,,swear,,swear v.
3230,sweep,v.,B2,,,,,,General,,sweep,,sweep v.
3231,switch,n.,B2,,,,,,General,,switch,,switch n.
3232,sympathy,n.,B2,,,,,,General,,sympathy,,sympathy n.
3233,tale,n.,B2,,,,,,General,,tale,,tale n.
3234,tank,n.,B2,,,,,,General,,tank,,tank n.
3235,target,v.,B2,,,,,,General,,target,,target v.
3236,tear,"v. , n.",B2,,,,,,General,,tear,sense 1,"tear1 v. , n."
3237,tear,n.,B2,,,,,,General,,tear,sense 2,tear2 n.
3238,temporary,adj.,B2,,,,,,General,,temporary,,temporary adj.
3239,term,v.,B2,,,,,,General,,term,,term v.
3240,therapy,n.,B2,,,,,,General,,therapy,,therapy n.
3241,threat,n.,B2,,,,,,General,,threat,,threat n.
3242,threaten,v.,B2,,,,,,General,,threaten,,threaten v.
3243,thus,adv.,B2,,,,,,General,,thus,,thus adv.
3244,time,v.,B2,,,,,,General,,time,,time v.
3245,title,v.,B2,,,,,,General,,title,,title v.
3246,tone,n.,B2,,,,,,General,,tone,,tone n.
3247,tough,adj.,B2,,,,,,General,,tough,,tough adj.
3248,track,v.,B2,,,,,,General,,track,,track v.
3249,transfer,"v., n.",B2,,,,,,General,,transfer,,"transfer v., n."
3250,transform,v.,B2,,,,,,General,,transform,,transform v.
3251,transition,n.,B2,,,,,,General,,transition,,transition n.
3252,trial,n.,B2,,,,,,General,,trial,,trial n.
3253,trip,v.,B2,,,,,,General,,trip,,trip v.
3254,tropical,adj.,B2,,,,,,General,,tropical,,tropical adj.
3255,trouble,v.,B2,,,,,,General,,trouble,,trouble v.
3256,truly,adv.,B2,,,,,,General,,truly,,truly adv.
3257,trust,"n., v.",B2,,,,,,General,,trust,,"trust n., v."
3258,try,n.,B2,,,,,,General,,try,,try n.
3259,tune,n.,B2,,,,,,General,,tune,,tune n.
3260,tunnel,n.,B2,,,,,,General,,tunnel,,tunnel n.
3261,ultimately,adv.,B2,,,,,,General,,ultimately,,ultimately adv.
3262,unconscious,adj.,B2,,,,,,General,,unconscious,,unconscious adj.
3263,unexpected,adj.,B2,,,,,,General,,unexpected,,unexpected adj.
3264,unique,adj.,B2,,,,,,General,,unique,,unique adj.
3265,universe,n.,B2,,,,,,General,,universe,,universe n.
3266,unknown,adj.,B2,,,,,,General,,unknown,,unknown adj.
3267,upper,adj.,B2,,,,,,General,,upper,,upper adj.
3268,upwards,adv.,B2,,,,,,General,,upwards,,upwards adv.
3269,urban,adj.,B2,,,,,,General,,urban,,urban adj.
3270,urge,v.,B2,,,,,,General,,urge,,urge v.
3271,value,v.,B2,,,,,,General,,value,,value v.
3272,vary,v.,B2,,,,,,General,,vary,,vary v.
3273,vast,adj.,B2,,,,,,General,,vast,,vast adj.
3274,venue,n.,B2,,,,,,General,,venue,,venue n.
3275,very,adj.,B2,,,,,,General,,very,,very adj.
3276,via,prep.,B2,,,,,,General,,via,,via prep.
3277,victory,n.,B2,,,,,,General,,victory,,victory n.
3278,violence,n.,B2,,,,,,General,,violence,,violence n.
3279,virtual,adj.,B2,,,,,,General,,virtual,,virtual adj.
3280,vision,n.,B2,,,,,,General,,vision,,vision n.
3281,visual,adj.,B2,,,,,,General,,visual,,visual adj.
3282,vital,adj.,B2,,,,,,General,,vital,,vital adj.
3283,vitamin,n.,B2,,,,,,General,,vitamin,,vitamin n.
3284,volume,n.,B2,,,,,,General,,volume,,volume n.
3285,wage,n.,B2,,,,,,General,,wage,,wage n.
3286,way,adv.,B2,,,,,,General,,way,,way adv.
3287,weakness,n.,B2,,,,,,General,,weakness,,weakness n.
3288,wealth,n.,B2,,,,,,General,,wealth,,wealth n.
3289,wealthy,adj.,B2,,,,,,General,,wealthy,,wealthy adj.
3290,whereas,conj.,B2,,,,,,General,,whereas,,whereas conj.
3291,wherever,conj.,B2,,,,,,General,,wherever,,wherever conj.
3292,whisper,"v., n.",B2,,,,,,General,,whisper,,"whisper v., n."
3293,whom,pron.,B2,,,,,,General,,whom,,whom pron.
3294,widely,adv.,B2,,,,,,General,,widely,,widely adv.
3295,wildlife,n.,B2,,,,,,General,,wildlife,,wildlife n.
3296,willing,adj.,B2,,,,,,General,,willing,,willing adj.
3297,wind,v.,B2,,,,,,General,,wind,sense 2,wind2 v.
3298,wire,n.,B2,,,,,,General,,wire,,wire n.
3299,wise,adj.,B2,,,,,,General,,wise,,wise adj.
3300,witness,"n., v.",B2,,,,,,General,,witness,,"witness n., v."
3301,worse,n.,B2,,,,,,General,,worse,,worse n.
3302,worst,n.,B2,,,,,,General,,worst,,worst n.
3303,worth,n.,B2,,,,,,General,,worth,,worth n.
3304,wound,"n., v.",B2,,,,,,General,,wound,,"wound n., v."
3305,wrap,v.,B2,,,,,,General,,wrap,,wrap v.
3306,wrong,n.,B2,,,,,,General,,wrong,,wrong n.
3307,yet,conj.,B2,,,,,,General,,yet,,yet conj.
3308,zone,n.,B2,,,,,,General,,zone,,zone n.
