# File exported by Houdini 20.5.332 (www.sidefx.com)
# 578 points
# 2304 vertices
# 576 primitives
# Bounds: [-0.5, -1.64999998, -0.502937794] to [0.5, -0.00525271893, 0.502937794]
g 
v -0.0926964581 -1.24299335 0.486341
v 0 -1.24464738 0.494522721
v 0 -1.14609802 0.502937794
v -0.0943151638 -1.14568436 0.4940992
v -0.181775928 -1.23965716 0.462223351
v -0.185013816 -1.14485037 0.468363971
v -0.174855769 -1.32515275 0.441497654
v -0.089360103 -1.33207297 0.462223172
v 0 -1.33535922 0.469167411
v -0.263621569 -1.23626375 0.422595829
v -0.268479437 -1.14400196 0.426512063
v -0.336588413 -1.23492122 0.366954803
v -0.343049258 -1.14366639 0.368606389
v -0.320968211 -1.31424594 0.357094407
v -0.252622277 -1.31753671 0.407097369
v -0.239125475 -1.38942254 0.381413788
v -0.299703747 -1.382972 0.34086439
v -0.279098392 -1.42939568 0.320655078
v -0.232674852 -1.45000076 0.34086439
v -0.167239651 -1.40291929 0.407097369
v -0.163948834 -1.47126544 0.357094407
v -0.0859666541 -1.4139185 0.422595829
v -0.0846241042 -1.48688555 0.366954803
v 0 -1.41879368 0.427798688
v 0 -1.49328423 0.370292604
v 0.0926964581 -1.24299335 0.486341
v 0.0943151638 -1.14568436 0.4940992
v 0.089360103 -1.33207297 0.462223172
v 0.174855769 -1.32515275 0.441497654
v 0.181775928 -1.23965716 0.462223172
v 0.185013816 -1.14485037 0.468363971
v 0.0859666541 -1.4139185 0.422595829
v 0.0846241042 -1.48688555 0.366954803
v 0.163948998 -1.47126544 0.357094407
v 0.167239815 -1.40291929 0.40709725
v 0.239125624 -1.38942254 0.381413788
v 0.232675031 -1.45000076 0.340864211
v 0.279098541 -1.42939568 0.320654958
v 0.299703896 -1.382972 0.34086439
v 0.252622426 -1.31753671 0.407097369
v 0.32096839 -1.31424606 0.357094407
v 0.263621569 -1.23626375 0.422595829
v 0.336588562 -1.23492122 0.366954803
v 0.268479437 -1.14400196 0.426511914
v 0.343049407 -1.14366639 0.368606389
v -0.39903155 -1.23773754 0.294796079
v -0.407060951 -1.14437032 0.2947101
v -0.447542042 -1.24232936 0.207685381
v -0.456811339 -1.14551842 0.20668906
v -0.42225197 -1.3302058 0.205679089
v -0.378201813 -1.32030129 0.289560854
v -0.478710532 -1.24631333 0.107189186
v -0.488597721 -1.1465143 0.106409185
v -0.48995921 -1.24815345 7.34084082e-08
v -0.5 -1.14697433 7.34084082e-08
v -0.461632013 -1.34217894 7.34084082e-08
v -0.451047748 -1.33846259 0.106631123
v -0.406347305 -1.42287755 0.105449565
v -0.415625453 -1.42854297 7.34084082e-08
v -0.353857398 -1.50415444 7.34084082e-08
v -0.346296161 -1.49659324 0.10470292
v -0.382246166 -1.40977049 0.202004045
v -0.327871054 -1.47816849 0.199749336
v -0.347054332 -1.39311171 0.280768275
v -0.302841425 -1.45313859 0.275482744
v -0.242814615 -1.49735165 0.280768275
v -0.259473443 -1.53254318 0.202004045
v -0.179908663 -1.57254922 0.20567891
v -0.170004144 -1.52849913 0.289560854
v -0.272580415 -1.55664456 0.105449565
v -0.278245896 -1.5659225 -8.69547065e-08
v -0.191882014 -1.61192906 -8.69547065e-08
v -0.188165426 -1.60134494 0.106630966
v -0.0960162953 -1.62900758 0.107189029
v -0.0978563055 -1.64025629 -8.69547065e-08
v 0 -1.64999998 -8.69547065e-08
v 0 -1.63857973 0.107312344
v -0.0920322314 -1.59783936 0.207685381
v 0 -1.60680556 0.208271354
v -0.0874403939 -1.5493288 0.294795901
v 0 -1.55716431 0.296524137
v 0.0874405578 -1.5493288 0.294795901
v 0.0920322314 -1.59783936 0.207685381
v 0.179908812 -1.57254922 0.20567891
v 0.170004308 -1.52849913 0.289560854
v 0.0960162953 -1.62900758 0.107189029
v 0.097856462 -1.64025629 -8.69547065e-08
v 0.191882014 -1.61192906 -8.69547065e-08
v 0.18816559 -1.60134494 0.106630966
v 0.272580564 -1.55664456 0.105449565
v 0.278246045 -1.5659225 -8.69547065e-08
v 0.353857577 -1.50415444 7.34084082e-08
v 0.346296161 -1.49659324 0.10470292
v 0.259473622 -1.53254318 0.202004045
v 0.327871233 -1.47816825 0.199749336
v 0.242814615 -1.49735165 0.280768275
v 0.302841574 -1.45313859 0.275482744
v 0.347054482 -1.39311171 0.280768275
v 0.382246166 -1.40977049 0.202004045
v 0.422252119 -1.3302058 0.205679089
v 0.378201991 -1.32030129 0.289560854
v 0.406347632 -1.42287755 0.105449565
v 0.415625602 -1.42854297 7.34084082e-08
v 0.461632162 -1.34217894 7.34084082e-08
v 0.451047897 -1.33846259 0.106631123
v 0.478710681 -1.24631333 0.107189186
v 0.48995921 -1.24815345 7.34084082e-08
v 0.5 -1.14697456 7.34084082e-08
v 0.48859787 -1.14651442 0.106409185
v 0.447542191 -1.24232936 0.207685381
v 0.456811488 -1.14551854 0.20668906
v 0.399031878 -1.23773766 0.294796079
v 0.4070611 -1.14437056 0.2947101
v -0.478710532 -1.24631321 -0.107189037
v -0.488597721 -1.1465143 -0.106409036
v -0.447542042 -1.24232912 -0.207685411
v -0.456811339 -1.1455183 -0.206688911
v -0.42225197 -1.3302058 -0.20567894
v -0.451047748 -1.33846259 -0.106630974
v -0.39903155 -1.2377373 -0.29479596
v -0.407060951 -1.14437032 -0.29470998
v -0.336588413 -1.23492098 -0.366954863
v -0.343049258 -1.14366627 -0.368606269
v -0.320968211 -1.3142457 -0.357094437
v -0.378201813 -1.32030129 -0.289560884
v -0.347054332 -1.39311147 -0.280768335
v -0.299703747 -1.38297176 -0.34086442
v -0.279098392 -1.42939544 -0.320655137
v -0.302841425 -1.45313835 -0.275482774
v -0.382246166 -1.40977049 -0.202004045
v -0.327871054 -1.47816813 -0.199749351
v -0.406347305 -1.42287755 -0.10544958
v -0.346296161 -1.49659324 -0.104702927
v -0.272580415 -1.55664444 -0.10544958
v -0.259473443 -1.53254318 -0.202004045
v -0.179908663 -1.57254887 -0.205679104
v -0.188165426 -1.60134482 -0.106631137
v -0.242814615 -1.49735141 -0.280768335
v -0.232674852 -1.45000076 -0.34086442
v -0.163948834 -1.47126508 -0.357094437
v -0.170004144 -1.52849877 -0.289560884
v -0.0874403939 -1.54932857 -0.294796109
v -0.0846241042 -1.48688531 -0.366954863
v 0 -1.49328411 -0.370292664
v 0 -1.55716419 -0.296524316
v -0.0920322314 -1.597839 -0.207685411
v 0 -1.60680509 -0.208271533
v -0.0960162953 -1.62900746 -0.107189201
v 0 -1.63857937 -0.107312366
v 0.0960162953 -1.62900746 -0.107189201
v 0.0920322314 -1.597839 -0.207685411
v 0.179908812 -1.57254887 -0.205679104
v 0.18816559 -1.60134482 -0.106631137
v 0.0874403939 -1.54932857 -0.294796109
v 0.0846241042 -1.48688531 -0.366954863
v 0.163948834 -1.47126508 -0.357094437
v 0.170004308 -1.52849877 -0.289560884
v 0.242814615 -1.49735141 -0.280768335
v 0.232675031 -1.45000076 -0.34086442
v 0.279098541 -1.42939544 -0.320655137
v 0.302841574 -1.45313835 -0.275482774
v 0.259473622 -1.53254318 -0.202004045
v 0.327871233 -1.47816813 -0.199749351
v 0.272580564 -1.55664444 -0.10544958
v 0.346296161 -1.49659324 -0.104702927
v 0.406347632 -1.42287755 -0.10544958
v 0.382246345 -1.40977049 -0.202004045
v 0.422252119 -1.3302058 -0.20567894
v 0.451047897 -1.33846259 -0.106630974
v 0.34705466 -1.39311147 -0.280768335
v 0.299703896 -1.38297176 -0.34086442
v 0.32096839 -1.3142457 -0.357094437
v 0.378201991 -1.32030129 -0.289560884
v 0.399031699 -1.23773754 -0.29479596
v 0.336588413 -1.23492098 -0.366954863
v 0.343049407 -1.14366639 -0.368606269
v 0.4070611 -1.14437032 -0.29470998
v 0.447542191 -1.24232936 -0.207685411
v 0.456811488 -1.14551842 -0.206688911
v 0.478710681 -1.24631333 -0.107189037
v 0.48859787 -1.14651442 -0.106409036
v -0.0926964581 -1.24299335 -0.486341178
v -0.0943151638 -1.14568436 -0.49409923
v 0 -1.14609778 -0.502937794
v 0 -1.24464726 -0.49452275
v -0.089360103 -1.33207285 -0.462223232
v 0 -1.3353591 -0.469167441
v -0.174855769 -1.32515275 -0.441497743
v -0.181775928 -1.23965704 -0.462223232
v -0.185013816 -1.14485025 -0.468363851
v -0.0859666541 -1.4139185 -0.422595918
v 0 -1.41879356 -0.427798867
v -0.167239651 -1.40291929 -0.407097429
v -0.239125475 -1.38942242 -0.381413847
v -0.252622277 -1.31753659 -0.407097429
v -0.263621569 -1.23626363 -0.422595918
v -0.268479437 -1.14400184 -0.426511943
v 0.0926964581 -1.24299335 -0.486341178
v 0.0943151638 -1.14568424 -0.49409923
v 0.181775928 -1.23965704 -0.462223232
v 0.185013816 -1.14485025 -0.468363851
v 0.174855769 -1.32515275 -0.441497743
v 0.089360103 -1.33207285 -0.462223232
v 0.263621569 -1.23626363 -0.422595918
v 0.268479437 -1.14400184 -0.426511943
v 0.252622426 -1.31753671 -0.407097429
v 0.239125475 -1.38942242 -0.381413847
v 0.167239815 -1.40291929 -0.407097429
v 0.0859666541 -1.4139185 -0.422595918
v -0.0925558209 -1.03915024 0.484647214
v -0.181582853 -1.03915024 0.459009498
v 0 -1.03915024 0.493485153
v 0 -0.923177838 0.465655744
v -0.0873361602 -0.923177838 0.45731625
v -0.171342701 -0.923177838 0.433124304
v -0.263552278 -1.03915024 0.417448521
v -0.336836338 -1.03915024 0.360209793
v -0.248689681 -0.923177838 0.39390704
v -0.317840815 -0.923177838 0.339896262
v 0.0925558209 -1.03915024 0.484647214
v 0.181582853 -1.03915024 0.459009498
v 0.171342865 -0.923177838 0.433124304
v 0.0873363242 -0.923177838 0.45731625
v 0.263552457 -1.03915024 0.417448521
v 0.336836457 -1.03915024 0.360209793
v 0.317841142 -0.923178017 0.339896262
v 0.24868983 -0.923178017 0.39390704
v -0.479971647 -1.03915024 0.103576526
v -0.491147488 -1.03915 7.34084082e-08
v -0.448754519 -1.03915024 0.201355383
v -0.423447788 -0.923177838 0.190000385
v -0.452904403 -0.923177838 0.0977354646
v -0.463449895 -0.923177838 7.34084082e-08
v -0.399806559 -1.03915024 0.287539303
v -0.377260149 -0.923177838 0.271324039
v 0.479971647 -1.03915036 0.103576526
v 0.448754728 -1.03915036 0.201355383
v 0.491147339 -1.03915024 7.34084082e-08
v 0.463449895 -0.923178017 7.34084082e-08
v 0.452904403 -0.923178017 0.0977354646
v 0.423447937 -0.923178017 0.190000221
v 0.399806738 -1.03915036 0.287539303
v 0.377260327 -0.923178017 0.271323889
v -0.399806559 -1.03915 -0.287539184
v -0.336836338 -1.03915 -0.360209674
v -0.448754519 -1.03915 -0.201355234
v -0.423447788 -0.923177838 -0.190000236
v -0.377260149 -0.923177838 -0.27132377
v -0.317840815 -0.923177838 -0.339896142
v -0.479971647 -1.03915 -0.103576377
v -0.452904403 -0.923177838 -0.0977353156
v 0.399806738 -1.03915024 -0.287539184
v 0.448754728 -1.03915024 -0.201355383
v 0.336836457 -1.03915024 -0.360209674
v 0.317841142 -0.923177838 -0.339896142
v 0.377260327 -0.923177838 -0.27132377
v 0.423447788 -0.923177838 -0.190000236
v 0.479971647 -1.03915024 -0.103576377
v 0.452904403 -0.923178017 -0.0977353156
v -0.0925558209 -1.03915 -0.484647453
v 0 -1.03915 -0.493485183
v -0.181582853 -1.03915 -0.459009558
v -0.171342701 -0.923177719 -0.433124542
v -0.0873361602 -0.923177838 -0.457316428
v 0 -0.923177838 -0.465655953
v -0.263552278 -1.03915 -0.417448401
v -0.248689681 -0.923177719 -0.3939071
v 0.0925558209 -1.03915 -0.484647453
v 0.181582853 -1.03915 -0.459009558
v 0.0873363242 -0.923177838 -0.457316279
v 0.171342865 -0.923177838 -0.433124393
v 0.263552457 -1.03915 -0.417448401
v 0.24868983 -0.923177838 -0.3939071
v -0.0785745606 -0.797554672 0.411437303
v -0.154153213 -0.797554672 0.389672518
v 0 -0.797554672 0.418940187
v 0 -0.658569396 0.356773347
v -0.0669147223 -0.658569396 0.350383997
v -0.131278381 -0.658569396 0.33184877
v -0.223740712 -0.797554672 0.354389548
v -0.285954386 -0.797554672 0.305797309
v -0.190539598 -0.658569396 0.301801533
v -0.243521482 -0.658569396 0.260419816
v 0.0785745606 -0.797554672 0.411437303
v 0.154153377 -0.797554672 0.389672518
v 0.13127853 -0.658569396 0.33184877
v 0.0669148788 -0.658569396 0.350383848
v 0.223740712 -0.797554672 0.354389548
v 0.285954714 -0.797554672 0.30579713
v 0.243521661 -0.658569574 0.260419816
v 0.190539777 -0.658569574 0.301801533
v -0.407468081 -0.797554493 0.0879305378
v -0.41695565 -0.797554493 7.34084082e-08
v -0.380966634 -0.797554672 0.170939147
v -0.324434817 -0.658569396 0.145573378
v -0.347003669 -0.658569396 0.0748824328
v -0.355083406 -0.658569396 7.34084082e-08
v -0.33941254 -0.797554672 0.244104326
v -0.289046973 -0.658569396 0.20788151
v 0.407468081 -0.797554672 0.0879305378
v 0.380966783 -0.797554672 0.170939147
v 0.41695565 -0.797554672 7.34084082e-08
v 0.355083406 -0.658569396 7.34084082e-08
v 0.347003669 -0.658569574 0.0748824328
v 0.324434966 -0.658569574 0.145573378
v 0.339412719 -0.797554672 0.244104177
v 0.289047152 -0.658569574 0.20788151
v -0.33941254 -0.797554493 -0.244104028
v -0.285954386 -0.797554493 -0.305797011
v -0.380966634 -0.797554493 -0.170938998
v -0.324434817 -0.658569396 -0.145573229
v -0.289046973 -0.658569396 -0.207881361
v -0.243521482 -0.658569396 -0.260419697
v -0.407468081 -0.797554493 -0.0879303887
v -0.347003669 -0.658569396 -0.0748822838
v 0.339412719 -0.797554672 -0.244104028
v 0.380966783 -0.797554672 -0.170938998
v 0.285954535 -0.797554672 -0.305797011
v 0.243521661 -0.658569396 -0.260419697
v 0.289047152 -0.658569396 -0.207881212
v 0.324434966 -0.658569396 -0.145573229
v 0.407468081 -0.797554672 -0.0879303887
v 0.347003669 -0.658569396 -0.0748822838
v -0.0785745606 -0.797554493 -0.411437482
v 0 -0.797554493 -0.418940425
v -0.154153213 -0.797554493 -0.389672518
v -0.131278381 -0.658569396 -0.331848979
v -0.0669147223 -0.658569396 -0.350384057
v 0 -0.658569396 -0.356773585
v -0.223740712 -0.797554493 -0.354389608
v -0.190539598 -0.658569396 -0.301801413
v 0.0785745606 -0.797554493 -0.411437482
v 0.154153377 -0.797554493 -0.389672518
v 0.0669148788 -0.658569396 -0.350384057
v 0.13127853 -0.658569396 -0.3318488
v 0.223740712 -0.797554493 -0.354389429
v 0.190539777 -0.658569396 -0.301801413
v -0.0530012958 -0.502511382 0.277529448
v -0.103982009 -0.502511382 0.262848198
v 0 -0.502511382 0.28259033
v 0 -0.351294756 0.207651079
v -0.038946107 -0.351294637 0.203932241
v -0.0764072537 -0.351294756 0.193144307
v -0.150921255 -0.502511382 0.239048719
v -0.19288668 -0.502511382 0.20627147
v -0.110898793 -0.351294637 0.175656065
v -0.141735658 -0.351294756 0.151570976
v 0.0530014522 -0.502511382 0.277529448
v 0.103982009 -0.502511382 0.262848198
v 0.0764074102 -0.351294756 0.193144307
v 0.038946107 -0.351294637 0.203932241
v 0.150921255 -0.502511382 0.23904857
v 0.192886844 -0.502511382 0.206271291
v 0.141735658 -0.351294756 0.151570797
v 0.110898957 -0.351294756 0.175656065
v -0.274851948 -0.502511263 0.0593122952
v -0.281251729 -0.502511263 7.34084082e-08
v -0.2569758 -0.502511263 0.115304686
v -0.188829169 -0.351294637 0.0847274512
v -0.20196484 -0.351294637 0.0435834043
v -0.206667334 -0.351294637 7.34084082e-08
v -0.228946105 -0.502511382 0.164657235
v -0.16823262 -0.351294637 0.120992281
v 0.274852127 -0.502511382 0.0593122952
v 0.256975979 -0.502511382 0.115304686
v 0.281251729 -0.502511382 7.34084082e-08
v 0.206667483 -0.351294756 7.34084082e-08
v 0.20196484 -0.351294756 0.0435834043
v 0.188829333 -0.351294756 0.0847274512
v 0.228946254 -0.502511382 0.164657235
v 0.16823262 -0.351294756 0.120992281
v -0.228946105 -0.502511263 -0.164656922
v -0.19288668 -0.502511263 -0.206271142
v -0.2569758 -0.502511263 -0.115304537
v -0.188829169 -0.351294637 -0.0847271383
v -0.16823262 -0.351294637 -0.120992132
v -0.141735658 -0.351294637 -0.151570648
v -0.274851948 -0.502511263 -0.0593121462
v -0.20196484 -0.351294637 -0.0435832553
v 0.228946254 -0.502511382 -0.164656922
v 0.256975979 -0.502511382 -0.115304537
v 0.192886844 -0.502511263 -0.206271142
v 0.141735658 -0.351294637 -0.151570648
v 0.16823262 -0.351294637 -0.120992132
v 0.188829169 -0.351294637 -0.0847271383
v 0.274852127 -0.502511382 -0.0593121462
v 0.20196484 -0.351294637 -0.0435832553
v -0.0530012958 -0.502511263 -0.277529478
v 0 -0.502511263 -0.282590538
v -0.103982009 -0.502511263 -0.262848258
v -0.0764072537 -0.351294637 -0.193144321
v -0.038946107 -0.351294637 -0.203932256
v 0 -0.351294637 -0.207651079
v -0.150921255 -0.502511263 -0.23904857
v -0.110898793 -0.351294637 -0.175655916
v 0.0530014522 -0.502511263 -0.277529478
v 0.103982009 -0.502511263 -0.262848258
v 0.038946107 -0.351294637 -0.203932256
v 0.0764074102 -0.351294637 -0.193144321
v 0.150921255 -0.502511263 -0.23904857
v 0.110898957 -0.351294637 -0.175655916
v -0.026860822 -0.226833582 0.140650719
v -0.0526975654 -0.226833582 0.13321051
v 0 -0.226833582 0.143215716
v 0 -0.132239699 0.092074804
v -0.0173976347 -0.132279038 0.0904501677
v -0.0341443568 -0.132430911 0.0857664421
v -0.0764861479 -0.226833582 0.121148959
v -0.0977541506 -0.226833582 0.104537591
v -0.0495890863 -0.132729888 0.0782133341
v -0.0633148849 -0.132916093 0.0676797256
v 0.0268609822 -0.226833582 0.140650719
v 0.0526977256 -0.226833582 0.133210346
v 0.0341443568 -0.132430911 0.0857664421
v 0.0173977949 -0.132279038 0.0904501677
v 0.0764863119 -0.226833582 0.121148802
v 0.0977543071 -0.226833582 0.10453742
v 0.0633150488 -0.132916093 0.0676795617
v 0.0495890863 -0.132729888 0.0782131776
v -0.13929382 -0.226833463 0.0300593358
v -0.142537162 -0.226833463 7.34084082e-08
v -0.130234256 -0.226833463 0.0584359169
v -0.0838245302 -0.132430911 0.0378159434
v -0.0895393863 -0.132279038 0.0194418561
v -0.0915955603 -0.132239699 7.34084082e-08
v -0.116028965 -0.226833582 0.083447583
v -0.0749048069 -0.132729888 0.0540544726
v 0.13929382 -0.226833582 0.0300593358
v 0.130234405 -0.226833582 0.0584359169
v 0.142537162 -0.226833582 7.34084082e-08
v 0.0915957242 -0.132239699 7.34084082e-08
v 0.0895395502 -0.132279038 0.0194418561
v 0.0838246867 -0.132430911 0.0378159434
v 0.116028965 -0.226833582 0.083447583
v 0.0749049708 -0.132729888 0.0540544726
v -0.116028965 -0.226833463 -0.083447434
v -0.0977541506 -0.226833463 -0.104537271
v -0.130234256 -0.226833463 -0.0584357679
v -0.0838245302 -0.132430911 -0.0378157943
v -0.0749048069 -0.132729888 -0.0540543236
v -0.0633148849 -0.132916093 -0.0676794127
v -0.13929382 -0.226833463 -0.0300591905
v -0.0895393863 -0.132279038 -0.0194417108
v 0.116028965 -0.226833463 -0.083447434
v 0.130234405 -0.226833463 -0.0584357679
v 0.0977543071 -0.226833463 -0.104537271
v 0.0633150488 -0.132916093 -0.0676794127
v 0.0749049708 -0.132729888 -0.0540543236
v 0.0838246867 -0.132430911 -0.0378157943
v 0.139293969 -0.226833582 -0.0300591905
v 0.0895395502 -0.132279038 -0.0194417108
v -0.026860822 -0.226833463 -0.140650734
v 0 -0.226833463 -0.143215567
v -0.0526975654 -0.226833463 -0.133210361
v -0.0341443568 -0.132430911 -0.0857662931
v -0.0173976347 -0.132279038 -0.0904501751
v 0 -0.132239938 -0.092074655
v -0.0764861479 -0.226833463 -0.12114881
v -0.0495890863 -0.132729888 -0.0782131851
v 0.0268609822 -0.226833463 -0.140650734
v 0.0526977256 -0.226833463 -0.133210361
v 0.0173977949 -0.132279038 -0.0904501751
v 0.0341443568 -0.132430911 -0.0857662931
v 0.0764863119 -0.226833463 -0.12114881
v 0.0495890863 -0.132729888 -0.0782131851
v -0.0112084197 -0.0707823038 0.0560955778
v -0.022038864 -0.0713903904 0.053532172
v 0 -0.070625186 0.0570189431
v 0 -0.0345669985 0.034506049
v -0.0076821954 -0.034899354 0.0340634473
v -0.0152532579 -0.0362120867 0.0329875685
v -0.0321131945 -0.0725860596 0.049535282
v -0.0407906026 -0.07333076 0.0435057841
v -0.0226017386 -0.0388194323 0.0315305106
v -0.0305573512 -0.0483176708 0.0324511565
v 0.0112085799 -0.0707823038 0.0560955778
v 0.0220390242 -0.0713903904 0.053532172
v 0.0152534191 -0.0362120867 0.0329875685
v 0.00768235512 -0.034899354 0.0340634473
v 0.0321131945 -0.0725860596 0.049535282
v 0.0407906026 -0.07333076 0.0435057841
v 0.0305575132 -0.0483176708 0.0324511565
v 0.0226018988 -0.0388194323 0.0315305106
v -0.0554020926 -0.0707823038 0.0124333473
v -0.0565773919 -0.0706249475 7.34084082e-08
v -0.0522336364 -0.0713903904 0.0242525879
v -0.0320610777 -0.0362120867 0.0165295005
v -0.033469867 -0.034899354 0.00837824494
v -0.0340479761 -0.0345669985 7.34084082e-08
v -0.0474302769 -0.0725860596 0.0348440968
v -0.0301473048 -0.0388194323 0.0242272522
v 0.0554020926 -0.0707823038 0.0124333473
v 0.0522337966 -0.0713903904 0.0242525879
v 0.0565775484 -0.0706249475 7.34084082e-08
v 0.0340481363 -0.0345669985 7.34084082e-08
v 0.0334700309 -0.034899354 0.00837824494
v 0.0320612378 -0.0362120867 0.0165295005
v 0.0474304408 -0.0725860596 0.0348440968
v 0.0301473048 -0.0388194323 0.0242272522
v -0.0474302769 -0.0725859404 -0.0348439477
v -0.0407906026 -0.0733305216 -0.0435056351
v -0.0522336364 -0.0713903904 -0.0242524426
v -0.0320610777 -0.0362118483 -0.0165293552
v -0.0301473048 -0.0388194323 -0.0242271069
v -0.0305573512 -0.0483175516 -0.0324510075
v -0.0554020926 -0.0707820654 -0.0124332001
v -0.033469867 -0.034899354 -0.00837809779
v 0.0474304408 -0.0725860596 -0.0348439477
v 0.0522337966 -0.0713903904 -0.0242524426
v 0.0407906026 -0.0733305216 -0.0435056351
v 0.0305575132 -0.0483175516 -0.0324510075
v 0.0301473048 -0.0388194323 -0.0242271069
v 0.0320612378 -0.0362118483 -0.0165293552
v 0.0554020926 -0.0707820654 -0.0124332001
v 0.0334700309 -0.034899354 -0.00837809779
v -0.0112084197 -0.0707823038 -0.0560954288
v 0 -0.070625186 -0.0570187941
v -0.022038864 -0.0713903904 -0.053532023
v -0.0152532579 -0.0362120867 -0.0329874195
v -0.0076821954 -0.034899354 -0.0340632983
v 0 -0.0345669985 -0.0345059
v -0.0321131945 -0.0725860596 -0.0495351329
v -0.0226017386 -0.0388194323 -0.0315303616
v 0.0112085799 -0.0707823038 -0.0560954288
v 0.0220390242 -0.0713903904 -0.053532023
v 0.00768235512 -0.034899354 -0.0340632983
v 0.0152534191 -0.0362120867 -0.0329874195
v 0.0321131945 -0.0725860596 -0.0495351329
v 0.0226018988 -0.0388194323 -0.0315303616
v 0.0195982978 -0.0238484144 0.0206141099
v 0.0199066754 -0.0193959475 0.0134298438
v 0.0123274336 -0.0133062601 0.0128546199
v 0.0126597062 -0.0193961859 0.0206126664
v 0.0203314777 -0.0171867609 0.00662098546
v 0.0205729846 -0.0166425705 7.34084082e-08
v 0.0124088982 -0.00957763195 7.34084082e-08
v 0.0123264715 -0.0103057623 0.00616122456
v 0.0203314777 -0.0171867609 -0.00662099896
v 0.0199066754 -0.0193959475 -0.0134296967
v 0.0123274336 -0.0133062601 -0.0128544727
v 0.0123264715 -0.0103057623 -0.00616107741
v 0.0195982978 -0.023848176 -0.0206139646
v 0.0126597062 -0.0193959475 -0.0206125211
v 0.00620813761 -0.0171867609 0.020830119
v 0.00588067574 -0.0103057623 0.0127051622
v 0 -0.00957763195 0.0127367536
v 0 -0.0166426897 0.0209935289
v 0.00579488184 -0.00691747665 0.00599813508
v 0.00581252156 -0.00609695911 7.34084082e-08
v 0 -0.00525271893 7.34084082e-08
v 0 -0.0060967207 0.00599075854
v 0.00579488184 -0.00691747665 -0.00599798793
v 0.00588067574 -0.0103057623 -0.012705015
v 0 -0.00957763195 -0.0127366064
v 0 -0.0060967207 -0.00599061139
v 0.00620813761 -0.0171867609 -0.0208299737
v 0 -0.0166426897 -0.0209933836
v -0.00620797696 -0.0171867609 0.020830119
v -0.00588051556 -0.0103057623 0.0127051622
v -0.0123274336 -0.0133062601 0.0128546199
v -0.012659546 -0.0193961859 0.0206126664
v -0.00579488184 -0.00691747665 0.00599813508
v -0.00581236137 -0.0060967207 7.34084082e-08
v -0.0124087371 -0.00957763195 7.34084082e-08
v -0.0123264715 -0.0103055239 0.00616122456
v -0.00579488184 -0.00691747665 -0.00599798793
v -0.00588051556 -0.0103052855 -0.012705015
v -0.0123274336 -0.0133062601 -0.0128544727
v -0.0123264715 -0.0103052855 -0.00616107741
v -0.00620797696 -0.0171867609 -0.0208299737
v -0.012659546 -0.0193959475 -0.0206125211
v -0.0195981376 -0.0238484144 0.0206141099
v -0.0199066754 -0.0193961859 0.0134298438
v -0.0203314777 -0.0171867609 0.00662098546
v -0.0205728244 -0.0166425705 7.34084082e-08
v -0.0203314777 -0.0171867609 -0.00662099896
v -0.0199066754 -0.0193959475 -0.0134296967
v -0.0195981376 -0.023848176 -0.0206139646
vn -0.176864102 -0.172647983 0.96897465
vn -2.40443065e-09 -0.178025991 0.984025836
vn 0 0.00124042539 0.999999225
vn -0.18392396 0.00423402432 0.982931316
vn -0.350504935 -0.159740195 0.922837555
vn -0.176864102 -0.172647983 0.96897465
vn -0.18392396 0.00423402432 0.982931316
vn -0.362280101 0.0106130643 0.932008922
vn -0.176864102 -0.172647983 0.96897465
vn -0.350504935 -0.159740195 0.922837555
vn -0.328207672 -0.328208297 0.885753274
vn -0.166160971 -0.350414455 0.921737611
vn -2.40443065e-09 -0.178025991 0.984025836
vn -0.176864102 -0.172647983 0.96897465
vn -0.166160971 -0.350414455 0.921737611
vn 0 -0.358641803 0.933475256
vn -0.521078587 -0.144623876 0.841166496
vn -0.350504935 -0.159740195 0.922837555
vn -0.362280101 0.0106130643 0.932008922
vn -0.533560872 0.0170216467 0.845590353
vn -0.677697301 -0.139356539 0.722015321
vn -0.521078587 -0.144623876 0.841166496
vn -0.533560872 0.0170216467 0.845590353
vn -0.688409984 0.0186984185 0.725080788
vn -0.521078587 -0.144623876 0.841166496
vn -0.677697301 -0.139356539 0.722015321
vn -0.649527729 -0.285683334 0.704626739
vn -0.49284789 -0.298514992 0.817306519
vn -0.350504935 -0.159740195 0.922837555
vn -0.521078587 -0.144623876 0.841166496
vn -0.49284789 -0.298514992 0.817306519
vn -0.328207672 -0.328208297 0.885753274
vn -0.449793339 -0.449793369 0.771603465
vn -0.602895021 -0.43526566 0.668626547
vn -0.553743303 -0.553743601 0.621881306
vn -0.435266078 -0.602894247 0.668626904
vn -0.298514485 -0.492847502 0.817306876
vn -0.449793339 -0.449793369 0.771603465
vn -0.435266078 -0.602894247 0.668626904
vn -0.285683274 -0.649527431 0.704627097
vn -0.449793339 -0.449793369 0.771603465
vn -0.298514485 -0.492847502 0.817306876
vn -0.328207672 -0.328208297 0.885753274
vn -0.49284789 -0.298514992 0.817306519
vn -0.602895021 -0.43526566 0.668626547
vn -0.449793339 -0.449793369 0.771603465
vn -0.49284789 -0.298514992 0.817306519
vn -0.649527729 -0.285683334 0.704626739
vn -0.153352693 -0.520751774 0.839821696
vn -0.298514485 -0.492847502 0.817306876
vn -0.285683274 -0.649527431 0.704627097
vn -0.148828268 -0.676976085 0.720800638
vn -2.40317966e-09 -0.531063318 0.84733206
vn -0.153352693 -0.520751774 0.839821696
vn -0.148828268 -0.676976085 0.720800638
vn 0 -0.688210011 0.725511611
vn -0.153352693 -0.520751774 0.839821696
vn -2.40317966e-09 -0.531063318 0.84733206
vn 0 -0.358641803 0.933475256
vn -0.166160971 -0.350414455 0.921737611
vn -0.298514485 -0.492847502 0.817306876
vn -0.153352693 -0.520751774 0.839821696
vn -0.166160971 -0.350414455 0.921737611
vn -0.328207672 -0.328208297 0.885753274
vn 0.176864997 -0.172647968 0.968974411
vn 0.183923945 0.00423402386 0.982931316
vn 0 0.00124042539 0.999999225
vn -2.40443065e-09 -0.178025991 0.984025836
vn 0.166160971 -0.350414455 0.921737611
vn 0.176864997 -0.172647968 0.968974411
vn -2.40443065e-09 -0.178025991 0.984025836
vn 0 -0.358641803 0.933475256
vn 0.176864997 -0.172647968 0.968974411
vn 0.166160971 -0.350414455 0.921737611
vn 0.328207284 -0.328207761 0.885753691
vn 0.350505054 -0.15974021 0.922837555
vn 0.183923945 0.00423402386 0.982931316
vn 0.176864997 -0.172647968 0.968974411
vn 0.350505054 -0.15974021 0.922837555
vn 0.362280756 0.0106121926 0.932008564
vn 0.15335305 -0.520751715 0.839821696
vn 0.166160971 -0.350414455 0.921737611
vn 0 -0.358641803 0.933475256
vn -2.40317966e-09 -0.531063318 0.84733206
vn 0.148828 -0.676976025 0.720800698
vn 0.15335305 -0.520751715 0.839821696
vn -2.40317966e-09 -0.531063318 0.84733206
vn 0 -0.688210011 0.725511611
vn 0.15335305 -0.520751715 0.839821696
vn 0.148828 -0.676976025 0.720800698
vn 0.285683692 -0.649526894 0.704627275
vn 0.298514366 -0.492847353 0.817306936
vn 0.166160971 -0.350414455 0.921737611
vn 0.15335305 -0.520751715 0.839821696
vn 0.298514366 -0.492847353 0.817306936
vn 0.328207284 -0.328207761 0.885753691
vn 0.449792683 -0.449794084 0.771603465
vn 0.435266823 -0.602894545 0.668626189
vn 0.553742349 -0.553744137 0.621881723
vn 0.602894664 -0.435266703 0.668626249
vn 0.492847353 -0.298514485 0.817306936
vn 0.449792683 -0.449794084 0.771603465
vn 0.602894664 -0.435266703 0.668626249
vn 0.649527609 -0.285683483 0.704626739
vn 0.449792683 -0.449794084 0.771603465
vn 0.492847353 -0.298514485 0.817306936
vn 0.328207284 -0.328207761 0.885753691
vn 0.298514366 -0.492847353 0.817306936
vn 0.435266823 -0.602894545 0.668626189
vn 0.449792683 -0.449794084 0.771603465
vn 0.298514366 -0.492847353 0.817306936
vn 0.285683692 -0.649526894 0.704627275
vn 0.521077514 -0.144622728 0.84116739
vn 0.492847353 -0.298514485 0.817306936
vn 0.649527609 -0.285683483 0.704626739
vn 0.677696407 -0.139356136 0.722016215
vn 0.533560574 0.0170212854 0.845590532
vn 0.521077514 -0.144622728 0.84116739
vn 0.677696407 -0.139356136 0.722016215
vn 0.68840915 0.018698588 0.725081563
vn 0.521077514 -0.144622728 0.84116739
vn 0.533560574 0.0170212854 0.845590532
vn 0.362280756 0.0106121926 0.932008564
vn 0.350505054 -0.15974021 0.922837555
vn 0.492847353 -0.298514485 0.817306936
vn 0.521077514 -0.144622728 0.84116739
vn 0.350505054 -0.15974021 0.922837555
vn 0.328207284 -0.328207761 0.885753691
vn -0.807062507 -0.15191026 0.570590436
vn -0.677697301 -0.139356539 0.722015321
vn -0.688409984 0.0186984185 0.725080788
vn -0.817884862 0.0128343664 0.575238824
vn -0.903065562 -0.173264071 0.393004119
vn -0.807062507 -0.15191026 0.570590436
vn -0.817884862 0.0128343664 0.575238824
vn -0.917265236 0.00276482035 0.398267269
vn -0.807062507 -0.15191026 0.570590436
vn -0.903065562 -0.173264071 0.393004119
vn -0.857848287 -0.347285628 0.378799379
vn -0.773817539 -0.309023649 0.552911222
vn -0.677697301 -0.139356539 0.722015321
vn -0.807062507 -0.15191026 0.570590436
vn -0.773817539 -0.309023649 0.552911222
vn -0.649527729 -0.285683334 0.704626739
vn -0.960929096 -0.189291596 0.201950237
vn -0.903065562 -0.173264071 0.393004119
vn -0.917265236 0.00276482035 0.398267269
vn -0.978779316 -0.00573206414 0.204837188
vn -0.98094064 -0.194307655 -1.35057789e-07
vn -0.960929096 -0.189291596 0.201950237
vn -0.978779316 -0.00573206414 0.204837188
vn -0.99996227 -0.00869137235 0
vn -0.960929096 -0.189291596 0.201950237
vn -0.98094064 -0.194307655 -1.35057789e-07
vn -0.924642861 -0.380835414 2.41187914e-09
vn -0.906826556 -0.373108089 0.196101472
vn -0.903065562 -0.173264071 0.393004119
vn -0.960929096 -0.189291596 0.201950237
vn -0.906826556 -0.373108089 0.196101472
vn -0.857848287 -0.347285628 0.378799379
vn -0.818129241 -0.543782771 0.186988994
vn -0.832621336 -0.553842604 7.95567203e-08
vn -0.707106709 -0.707106888 1.27810395e-07
vn -0.695262194 -0.695261002 0.182270274
vn -0.781709552 -0.512633264 0.355158091
vn -0.818129241 -0.543782771 0.186988994
vn -0.695262194 -0.695261002 0.182270274
vn -0.66447705 -0.664477944 0.341964006
vn -0.818129241 -0.543782771 0.186988994
vn -0.781709552 -0.512633264 0.355158091
vn -0.857848287 -0.347285628 0.378799379
vn -0.906826556 -0.373108089 0.196101472
vn -0.832621336 -0.553842604 7.95567203e-08
vn -0.818129241 -0.543782771 0.186988994
vn -0.906826556 -0.373108089 0.196101472
vn -0.924642861 -0.380835414 2.41187914e-09
vn -0.719479084 -0.46149826 0.519007802
vn -0.781709552 -0.512633264 0.355158091
vn -0.66447705 -0.664477944 0.341964006
vn -0.610294223 -0.610293031 0.505057871
vn -0.602895021 -0.43526566 0.668626547
vn -0.719479084 -0.46149826 0.519007802
vn -0.610294223 -0.610293031 0.505057871
vn -0.553743303 -0.553743601 0.621881306
vn -0.719479084 -0.46149826 0.519007802
vn -0.602895021 -0.43526566 0.668626547
vn -0.649527729 -0.285683334 0.704626739
vn -0.773817539 -0.309023649 0.552911222
vn -0.781709552 -0.512633264 0.355158091
vn -0.719479084 -0.46149826 0.519007802
vn -0.773817539 -0.309023649 0.552911222
vn -0.857848287 -0.347285628 0.378799379
vn -0.461498797 -0.719478905 0.519007683
vn -0.435266078 -0.602894247 0.668626904
vn -0.553743303 -0.553743601 0.621881306
vn -0.610294223 -0.610293031 0.505057871
vn -0.512633443 -0.781709492 0.35515824
vn -0.461498797 -0.719478905 0.519007683
vn -0.610294223 -0.610293031 0.505057871
vn -0.66447705 -0.664477944 0.341964006
vn -0.461498797 -0.719478905 0.519007683
vn -0.512633443 -0.781709492 0.35515824
vn -0.347286552 -0.857848227 0.378798604
vn -0.309023023 -0.773817837 0.552911043
vn -0.435266078 -0.602894247 0.668626904
vn -0.461498797 -0.719478905 0.519007683
vn -0.309023023 -0.773817837 0.552911043
vn -0.285683274 -0.649527431 0.704627097
vn -0.54378289 -0.818129122 0.18698886
vn -0.512633443 -0.781709492 0.35515824
vn -0.66447705 -0.664477944 0.341964006
vn -0.695262194 -0.695261002 0.182270274
vn -0.553842843 -0.832621157 -6.00291401e-07
vn -0.54378289 -0.818129122 0.18698886
vn -0.695262194 -0.695261002 0.182270274
vn -0.707106709 -0.707106888 1.27810395e-07
vn -0.54378289 -0.818129122 0.18698886
vn -0.553842843 -0.832621157 -6.00291401e-07
vn -0.380835682 -0.924642682 -5.11318319e-07
vn -0.373107016 -0.906827271 0.19610095
vn -0.512633443 -0.781709492 0.35515824
vn -0.54378289 -0.818129122 0.18698886
vn -0.373107016 -0.906827271 0.19610095
vn -0.347286552 -0.857848227 0.378798604
vn -0.190493017 -0.960751653 0.201664463
vn -0.194468796 -0.980908692 -5.42628129e-07
vn -7.96208681e-08 -1 -1.72270609e-06
vn 0 -0.979208052 0.202858433
vn -0.177270129 -0.902537227 0.392430723
vn -0.190493017 -0.960751653 0.201664463
vn 0 -0.979208052 0.202858433
vn 2.40891995e-09 -0.918507516 0.395403624
vn -0.190493017 -0.960751653 0.201664463
vn -0.177270129 -0.902537227 0.392430723
vn -0.347286552 -0.857848227 0.378798604
vn -0.373107016 -0.906827271 0.19610095
vn -0.194468796 -0.980908692 -5.42628129e-07
vn -0.190493017 -0.960751653 0.201664463
vn -0.373107016 -0.906827271 0.19610095
vn -0.380835682 -0.924642682 -5.11318319e-07
vn -0.159292608 -0.806232393 0.56975013
vn -0.177270129 -0.902537227 0.392430723
vn 2.40891995e-09 -0.918507516 0.395403624
vn -8.17735071e-08 -0.819192469 0.573518693
vn -0.148828268 -0.676976085 0.720800638
vn -0.159292608 -0.806232393 0.56975013
vn -8.17735071e-08 -0.819192469 0.573518693
vn 0 -0.688210011 0.725511611
vn -0.159292608 -0.806232393 0.56975013
vn -0.148828268 -0.676976085 0.720800638
vn -0.285683274 -0.649527431 0.704627097
vn -0.309023023 -0.773817837 0.552911043
vn -0.177270129 -0.902537227 0.392430723
vn -0.159292608 -0.806232393 0.56975013
vn -0.309023023 -0.773817837 0.552911043
vn -0.347286552 -0.857848227 0.378798604
vn 0.159292579 -0.806232393 0.569750071
vn 0.148828 -0.676976025 0.720800698
vn 0 -0.688210011 0.725511611
vn -8.17735071e-08 -0.819192469 0.573518693
vn 0.177269891 -0.902537286 0.392430663
vn 0.159292579 -0.806232393 0.569750071
vn -8.17735071e-08 -0.819192469 0.573518693
vn 2.40891995e-09 -0.918507516 0.395403624
vn 0.159292579 -0.806232393 0.569750071
vn 0.177269891 -0.902537286 0.392430663
vn 0.347286284 -0.857848406 0.378798604
vn 0.30902347 -0.773817778 0.552910984
vn 0.148828 -0.676976025 0.720800698
vn 0.159292579 -0.806232393 0.569750071
vn 0.30902347 -0.773817778 0.552910984
vn 0.285683692 -0.649526894 0.704627275
vn 0.190492779 -0.960751772 0.201664641
vn 0.177269891 -0.902537286 0.392430663
vn 2.40891995e-09 -0.918507516 0.395403624
vn 0 -0.979208052 0.202858433
vn 0.19446905 -0.980908632 -5.42628243e-07
vn 0.190492779 -0.960751772 0.201664641
vn 0 -0.979208052 0.202858433
vn -7.96208681e-08 -1 -1.72270609e-06
vn 0.190492779 -0.960751772 0.201664641
vn 0.19446905 -0.980908632 -5.42628243e-07
vn 0.380835533 -0.924642801 -5.18553918e-07
vn 0.373106867 -0.90682745 0.196100682
vn 0.177269891 -0.902537286 0.392430663
vn 0.190492779 -0.960751772 0.201664641
vn 0.373106867 -0.90682745 0.196100682
vn 0.347286284 -0.857848406 0.378798604
vn 0.543783307 -0.818128824 0.186988801
vn 0.553842485 -0.832621396 -5.95469828e-07
vn 0.70710665 -0.707106829 1.25398913e-07
vn 0.695261538 -0.695261657 0.182270899
vn 0.512633979 -0.781708956 0.355158597
vn 0.543783307 -0.818128824 0.186988801
vn 0.695261538 -0.695261657 0.182270899
vn 0.664477885 -0.664477289 0.34196344
vn 0.543783307 -0.818128824 0.186988801
vn 0.512633979 -0.781708956 0.355158597
vn 0.347286284 -0.857848406 0.378798604
vn 0.373106867 -0.90682745 0.196100682
vn 0.553842485 -0.832621396 -5.95469828e-07
vn 0.543783307 -0.818128824 0.186988801
vn 0.373106867 -0.90682745 0.196100682
vn 0.380835533 -0.924642801 -5.18553918e-07
vn 0.461498439 -0.719478667 0.519008279
vn 0.512633979 -0.781708956 0.355158597
vn 0.664477885 -0.664477289 0.34196344
vn 0.610293806 -0.610293448 0.505057871
vn 0.435266823 -0.602894545 0.668626189
vn 0.461498439 -0.719478667 0.519008279
vn 0.610293806 -0.610293448 0.505057871
vn 0.553742349 -0.553744137 0.621881723
vn 0.461498439 -0.719478667 0.519008279
vn 0.435266823 -0.602894545 0.668626189
vn 0.285683692 -0.649526894 0.704627275
vn 0.30902347 -0.773817778 0.552910984
vn 0.512633979 -0.781708956 0.355158597
vn 0.461498439 -0.719478667 0.519008279
vn 0.30902347 -0.773817778 0.552910984
vn 0.347286284 -0.857848406 0.378798604
vn 0.719479442 -0.461498499 0.519007325
vn 0.602894664 -0.435266703 0.668626249
vn 0.553742349 -0.553744137 0.621881723
vn 0.610293806 -0.610293448 0.505057871
vn 0.781708896 -0.512633681 0.355158806
vn 0.719479442 -0.461498499 0.519007325
vn 0.610293806 -0.610293448 0.505057871
vn 0.664477885 -0.664477289 0.34196344
vn 0.719479442 -0.461498499 0.519007325
vn 0.781708896 -0.512633681 0.355158806
vn 0.857848167 -0.347286314 0.37879926
vn 0.77381742 -0.309024721 0.552910864
vn 0.602894664 -0.435266703 0.668626249
vn 0.719479442 -0.461498499 0.519007325
vn 0.77381742 -0.309024721 0.552910864
vn 0.649527609 -0.285683483 0.704626739
vn 0.818128884 -0.543783069 0.186989516
vn 0.781708896 -0.512633681 0.355158806
vn 0.664477885 -0.664477289 0.34196344
vn 0.695261538 -0.695261657 0.182270899
vn 0.832621396 -0.553842604 7.47350839e-08
vn 0.818128884 -0.543783069 0.186989516
vn 0.695261538 -0.695261657 0.182270899
vn 0.70710665 -0.707106829 1.25398913e-07
vn 0.818128884 -0.543783069 0.186989516
vn 0.832621396 -0.553842604 7.47350839e-08
vn 0.924643159 -0.380834699 0
vn 0.906826913 -0.373107374 0.196101516
vn 0.781708896 -0.512633681 0.355158806
vn 0.818128884 -0.543783069 0.186989516
vn 0.906826913 -0.373107374 0.196101516
vn 0.857848167 -0.347286314 0.37879926
vn 0.960929215 -0.189291656 0.201949567
vn 0.980940759 -0.194306999 0
vn 0.999962211 -0.00869089458 0
vn 0.978779435 -0.00573142571 0.204836503
vn 0.90306586 -0.173264146 0.393003255
vn 0.960929215 -0.189291656 0.201949567
vn 0.978779435 -0.00573142571 0.204836503
vn 0.917265236 0.00276444969 0.398267329
vn 0.960929215 -0.189291656 0.201949567
vn 0.90306586 -0.173264146 0.393003255
vn 0.857848167 -0.347286314 0.37879926
vn 0.906826913 -0.373107374 0.196101516
vn 0.980940759 -0.194306999 0
vn 0.960929215 -0.189291656 0.201949567
vn 0.906826913 -0.373107374 0.196101516
vn 0.924643159 -0.380834699 0
vn 0.807062566 -0.151910424 0.570590198
vn 0.90306586 -0.173264146 0.393003255
vn 0.917265236 0.00276444969 0.398267329
vn 0.817884803 0.0128349354 0.575238764
vn 0.677696407 -0.139356136 0.722016215
vn 0.807062566 -0.151910424 0.570590198
vn 0.817884803 0.0128349354 0.575238764
vn 0.68840915 0.018698588 0.725081563
vn 0.807062566 -0.151910424 0.570590198
vn 0.677696407 -0.139356136 0.722016215
vn 0.649527609 -0.285683483 0.704626739
vn 0.77381742 -0.309024721 0.552910864
vn 0.90306586 -0.173264146 0.393003255
vn 0.807062566 -0.151910424 0.570590198
vn 0.77381742 -0.309024721 0.552910864
vn 0.857848167 -0.347286314 0.37879926
vn -0.960929215 -0.189291403 -0.201950103
vn -0.98094064 -0.194307655 -1.35057789e-07
vn -0.99996227 -0.00869137235 0
vn -0.978779256 -0.00573223736 -0.204837158
vn -0.903065503 -0.173263893 -0.393004328
vn -0.960929215 -0.189291403 -0.201950103
vn -0.978779256 -0.00573223736 -0.204837158
vn -0.917265236 0.00276522222 -0.39826718
vn -0.960929215 -0.189291403 -0.201950103
vn -0.903065503 -0.173263893 -0.393004328
vn -0.857848525 -0.347285569 -0.378798842
vn -0.906826794 -0.373107731 -0.196101457
vn -0.98094064 -0.194307655 -1.35057789e-07
vn -0.960929215 -0.189291403 -0.201950103
vn -0.906826794 -0.373107731 -0.196101457
vn -0.924642861 -0.380835414 2.41187914e-09
vn -0.807062805 -0.15190962 -0.570590198
vn -0.903065503 -0.173263893 -0.393004328
vn -0.917265236 0.00276522222 -0.39826718
vn -0.817884862 0.0128341503 -0.575238705
vn -0.677697778 -0.139356032 -0.722014904
vn -0.807062805 -0.15190962 -0.570590198
vn -0.817884862 0.0128341503 -0.575238705
vn -0.688409984 0.0186991058 -0.725080669
vn -0.807062805 -0.15190962 -0.570590198
vn -0.677697778 -0.139356032 -0.722014904
vn -0.649527609 -0.285683453 -0.704626739
vn -0.773817718 -0.309023291 -0.552911222
vn -0.903065503 -0.173263893 -0.393004328
vn -0.807062805 -0.15190962 -0.570590198
vn -0.773817718 -0.309023291 -0.552911222
vn -0.857848525 -0.347285569 -0.378798842
vn -0.719478726 -0.461498499 -0.519008219
vn -0.60289526 -0.435265481 -0.668626428
vn -0.553743601 -0.553743422 -0.621881187
vn -0.610294521 -0.610293388 -0.505057156
vn -0.781709015 -0.512634039 -0.355158418
vn -0.719478726 -0.461498499 -0.519008219
vn -0.610294521 -0.610293388 -0.505057156
vn -0.664476871 -0.664477885 -0.341964543
vn -0.719478726 -0.461498499 -0.519008219
vn -0.781709015 -0.512634039 -0.355158418
vn -0.857848525 -0.347285569 -0.378798842
vn -0.773817718 -0.309023291 -0.552911222
vn -0.60289526 -0.435265481 -0.668626428
vn -0.719478726 -0.461498499 -0.519008219
vn -0.773817718 -0.309023291 -0.552911222
vn -0.649527609 -0.285683453 -0.704626739
vn -0.818129301 -0.543782592 -0.186988965
vn -0.781709015 -0.512634039 -0.355158418
vn -0.664476871 -0.664477885 -0.341964543
vn -0.695261657 -0.695261359 -0.182271406
vn -0.832621336 -0.553842604 7.95567203e-08
vn -0.818129301 -0.543782592 -0.186988965
vn -0.695261657 -0.695261359 -0.182271406
vn -0.707106709 -0.707106888 1.27810395e-07
vn -0.818129301 -0.543782592 -0.186988965
vn -0.832621336 -0.553842604 7.95567203e-08
vn -0.924642861 -0.380835414 2.41187914e-09
vn -0.906826794 -0.373107731 -0.196101457
vn -0.781709015 -0.512634039 -0.355158418
vn -0.818129301 -0.543782592 -0.186988965
vn -0.906826794 -0.373107731 -0.196101457
vn -0.857848525 -0.347285569 -0.378798842
vn -0.543782592 -0.818129241 -0.186989427
vn -0.553842843 -0.832621157 -6.00291401e-07
vn -0.707106709 -0.707106888 1.27810395e-07
vn -0.695261657 -0.695261359 -0.182271406
vn -0.51263386 -0.781709194 -0.35515824
vn -0.543782592 -0.818129241 -0.186989427
vn -0.695261657 -0.695261359 -0.182271406
vn -0.664476871 -0.664477885 -0.341964543
vn -0.543782592 -0.818129241 -0.186989427
vn -0.51263386 -0.781709194 -0.35515824
vn -0.347285718 -0.857848108 -0.378799826
vn -0.373107046 -0.906826973 -0.196102187
vn -0.553842843 -0.832621157 -6.00291401e-07
vn -0.543782592 -0.818129241 -0.186989427
vn -0.373107046 -0.906826973 -0.196102187
vn -0.380835682 -0.924642682 -5.11318319e-07
vn -0.46149832 -0.719479203 -0.519007683
vn -0.51263386 -0.781709194 -0.35515824
vn -0.664476871 -0.664477885 -0.341964543
vn -0.610294521 -0.610293388 -0.505057156
vn -0.435265452 -0.602894783 -0.668626845
vn -0.46149832 -0.719479203 -0.519007683
vn -0.610294521 -0.610293388 -0.505057156
vn -0.553743601 -0.553743422 -0.621881187
vn -0.46149832 -0.719479203 -0.519007683
vn -0.435265452 -0.602894783 -0.668626845
vn -0.285683513 -0.649528146 -0.704626262
vn -0.309023559 -0.773817539 -0.552911341
vn -0.51263386 -0.781709194 -0.35515824
vn -0.46149832 -0.719479203 -0.519007683
vn -0.309023559 -0.773817539 -0.552911341
vn -0.347285718 -0.857848108 -0.378799826
vn -0.159293622 -0.806232572 -0.569749534
vn -0.148828864 -0.676976264 -0.72080034
vn 0 -0.68821007 -0.725511551
vn 2.40510367e-09 -0.819193006 -0.573517919
vn -0.177269235 -0.902537346 -0.392430693
vn -0.159293622 -0.806232572 -0.569749534
vn 2.40510367e-09 -0.819193006 -0.573517919
vn 0 -0.918507814 -0.395402879
vn -0.159293622 -0.806232572 -0.569749534
vn -0.177269235 -0.902537346 -0.392430693
vn -0.347285718 -0.857848108 -0.378799826
vn -0.309023559 -0.773817539 -0.552911341
vn -0.148828864 -0.676976264 -0.72080034
vn -0.159293622 -0.806232572 -0.569749534
vn -0.309023559 -0.773817539 -0.552911341
vn -0.285683513 -0.649528146 -0.704626262
vn -0.190491617 -0.960751593 -0.201666012
vn -0.177269235 -0.902537346 -0.392430693
vn 0 -0.918507814 -0.395402879
vn 0 -0.979207695 -0.202860385
vn -0.194468796 -0.980908692 -5.42628129e-07
vn -0.190491617 -0.960751593 -0.201666012
vn 0 -0.979207695 -0.202860385
vn -7.96208681e-08 -1 -1.72270609e-06
vn -0.190491617 -0.960751593 -0.201666012
vn -0.194468796 -0.980908692 -5.42628129e-07
vn -0.380835682 -0.924642682 -5.11318319e-07
vn -0.373107046 -0.906826973 -0.196102187
vn -0.177269235 -0.902537346 -0.392430693
vn -0.190491617 -0.960751593 -0.201666012
vn -0.373107046 -0.906826973 -0.196102187
vn -0.347285718 -0.857848108 -0.378799826
vn 0.190491363 -0.960751712 -0.201666161
vn 0.19446905 -0.980908632 -5.42628243e-07
vn -7.96208681e-08 -1 -1.72270609e-06
vn 0 -0.979207695 -0.202860385
vn 0.177269027 -0.902537405 -0.392430753
vn 0.190491363 -0.960751712 -0.201666161
vn 0 -0.979207695 -0.202860385
vn 0 -0.918507814 -0.395402879
vn 0.190491363 -0.960751712 -0.201666161
vn 0.177269027 -0.902537405 -0.392430753
vn 0.34728545 -0.857848167 -0.378799826
vn 0.373106867 -0.906827033 -0.196101934
vn 0.19446905 -0.980908632 -5.42628243e-07
vn 0.190491363 -0.960751712 -0.201666161
vn 0.373106867 -0.906827033 -0.196101934
vn 0.380835533 -0.924642801 -5.18553918e-07
vn 0.159293428 -0.806232691 -0.569749594
vn 0.177269027 -0.902537405 -0.392430753
vn 0 -0.918507814 -0.395402879
vn 2.40510367e-09 -0.819193006 -0.573517919
vn 0.148828864 -0.676976264 -0.72080034
vn 0.159293428 -0.806232691 -0.569749594
vn 2.40510367e-09 -0.819193006 -0.573517919
vn 0 -0.68821007 -0.725511551
vn 0.159293428 -0.806232691 -0.569749594
vn 0.148828864 -0.676976264 -0.72080034
vn 0.285683006 -0.649528265 -0.704626322
vn 0.309023708 -0.773817301 -0.55291152
vn 0.177269027 -0.902537405 -0.392430753
vn 0.159293428 -0.806232691 -0.569749594
vn 0.309023708 -0.773817301 -0.55291152
vn 0.34728545 -0.857848167 -0.378799826
vn 0.461498111 -0.719479322 -0.519007742
vn 0.435265303 -0.602894843 -0.668626964
vn 0.553743839 -0.553743362 -0.621881187
vn 0.610293508 -0.610294223 -0.505057216
vn 0.512633741 -0.781709075 -0.355158627
vn 0.461498111 -0.719479322 -0.519007742
vn 0.610293508 -0.610294223 -0.505057216
vn 0.66447705 -0.664477944 -0.341964066
vn 0.461498111 -0.719479322 -0.519007742
vn 0.512633741 -0.781709075 -0.355158627
vn 0.34728545 -0.857848167 -0.378799826
vn 0.309023708 -0.773817301 -0.55291152
vn 0.435265303 -0.602894843 -0.668626964
vn 0.461498111 -0.719479322 -0.519007742
vn 0.309023708 -0.773817301 -0.55291152
vn 0.285683006 -0.649528265 -0.704626322
vn 0.543783009 -0.818129003 -0.186989322
vn 0.512633741 -0.781709075 -0.355158627
vn 0.66447705 -0.664477944 -0.341964066
vn 0.695261061 -0.695261955 -0.182271421
vn 0.553842485 -0.832621396 -5.95469828e-07
vn 0.543783009 -0.818129003 -0.186989322
vn 0.695261061 -0.695261955 -0.182271421
vn 0.70710665 -0.707106829 1.25398913e-07
vn 0.543783009 -0.818129003 -0.186989322
vn 0.553842485 -0.832621396 -5.95469828e-07
vn 0.380835533 -0.924642801 -5.18553918e-07
vn 0.373106867 -0.906827033 -0.196101934
vn 0.512633741 -0.781709075 -0.355158627
vn 0.543783009 -0.818129003 -0.186989322
vn 0.373106867 -0.906827033 -0.196101934
vn 0.34728545 -0.857848167 -0.378799826
vn 0.818129063 -0.543783009 -0.186988816
vn 0.832621396 -0.553842604 7.47350839e-08
vn 0.70710665 -0.707106829 1.25398913e-07
vn 0.695261061 -0.695261955 -0.182271421
vn 0.781708956 -0.51263386 -0.355158389
vn 0.818129063 -0.543783009 -0.186988816
vn 0.695261061 -0.695261955 -0.182271421
vn 0.66447705 -0.664477944 -0.341964066
vn 0.818129063 -0.543783009 -0.186988816
vn 0.781708956 -0.51263386 -0.355158389
vn 0.857848525 -0.347285658 -0.378798723
vn 0.906826913 -0.373107225 -0.196101457
vn 0.832621396 -0.553842604 7.47350839e-08
vn 0.818129063 -0.543783009 -0.186988816
vn 0.906826913 -0.373107225 -0.196101457
vn 0.924643159 -0.380834699 0
vn 0.719478667 -0.461498439 -0.519008219
vn 0.781708956 -0.51263386 -0.355158389
vn 0.66447705 -0.664477944 -0.341964066
vn 0.610293508 -0.610294223 -0.505057216
vn 0.602894247 -0.435265571 -0.668627322
vn 0.719478667 -0.461498439 -0.519008219
vn 0.610293508 -0.610294223 -0.505057216
vn 0.553743839 -0.553743362 -0.621881187
vn 0.719478667 -0.461498439 -0.519008219
vn 0.602894247 -0.435265571 -0.668627322
vn 0.649527907 -0.285682797 -0.704626679
vn 0.773817956 -0.309022784 -0.552911103
vn 0.781708956 -0.51263386 -0.355158389
vn 0.719478667 -0.461498439 -0.519008219
vn 0.773817956 -0.309022784 -0.552911103
vn 0.857848525 -0.347285658 -0.378798723
vn 0.807062328 -0.151909649 -0.570590734
vn 0.677697361 -0.139355868 -0.72201544
vn 0.688409567 0.0186985768 -0.725081027
vn 0.817884922 0.0128342481 -0.575238705
vn 0.903065503 -0.173264056 -0.393004298
vn 0.807062328 -0.151909649 -0.570590734
vn 0.817884922 0.0128342481 -0.575238705
vn 0.917265296 0.00276468787 -0.39826718
vn 0.807062328 -0.151909649 -0.570590734
vn 0.903065503 -0.173264056 -0.393004298
vn 0.857848525 -0.347285658 -0.378798723
vn 0.773817956 -0.309022784 -0.552911103
vn 0.677697361 -0.139355868 -0.72201544
vn 0.807062328 -0.151909649 -0.570590734
vn 0.773817956 -0.309022784 -0.552911103
vn 0.649527907 -0.285682797 -0.704626679
vn 0.960929215 -0.189291656 -0.201949343
vn 0.903065503 -0.173264056 -0.393004298
vn 0.917265296 0.00276468787 -0.39826718
vn 0.978779435 -0.00573150674 -0.204836488
vn 0.980940759 -0.194306999 0
vn 0.960929215 -0.189291656 -0.201949343
vn 0.978779435 -0.00573150674 -0.204836488
vn 0.999962211 -0.00869089458 0
vn 0.960929215 -0.189291656 -0.201949343
vn 0.980940759 -0.194306999 0
vn 0.924643159 -0.380834699 0
vn 0.906826913 -0.373107225 -0.196101457
vn 0.903065503 -0.173264056 -0.393004298
vn 0.960929215 -0.189291656 -0.201949343
vn 0.906826913 -0.373107225 -0.196101457
vn 0.857848525 -0.347285658 -0.378798723
vn -0.176864818 -0.172648191 -0.968974411
vn -0.183924556 0.00423363457 -0.982931256
vn -4.80647167e-09 0.00124060316 -0.999999285
vn -2.40442977e-09 -0.178025648 -0.984025776
vn -0.16616039 -0.350414634 -0.921737611
vn -0.176864818 -0.172648191 -0.968974411
vn -2.40442977e-09 -0.178025648 -0.984025776
vn 0 -0.358641177 -0.933475494
vn -0.176864818 -0.172648191 -0.968974411
vn -0.16616039 -0.350414634 -0.921737611
vn -0.328207612 -0.328207344 -0.88575381
vn -0.35050565 -0.159738883 -0.922837615
vn -0.183924556 0.00423363457 -0.982931256
vn -0.176864818 -0.172648191 -0.968974411
vn -0.35050565 -0.159738883 -0.922837615
vn -0.362280816 0.0106123295 -0.932008564
vn -0.153352723 -0.520751715 -0.839821815
vn -0.16616039 -0.350414634 -0.921737611
vn 0 -0.358641177 -0.933475494
vn -1.20159005e-09 -0.531063139 -0.847332239
vn -0.148828864 -0.676976264 -0.72080034
vn -0.153352723 -0.520751715 -0.839821815
vn -1.20159005e-09 -0.531063139 -0.847332239
vn 0 -0.68821007 -0.725511551
vn -0.153352723 -0.520751715 -0.839821815
vn -0.148828864 -0.676976264 -0.72080034
vn -0.285683513 -0.649528146 -0.704626262
vn -0.298514932 -0.492848575 -0.817306042
vn -0.16616039 -0.350414634 -0.921737611
vn -0.153352723 -0.520751715 -0.839821815
vn -0.298514932 -0.492848575 -0.817306042
vn -0.328207612 -0.328207344 -0.88575381
vn -0.449793965 -0.449793369 -0.771603167
vn -0.435265452 -0.602894783 -0.668626845
vn -0.553743601 -0.553743422 -0.621881187
vn -0.60289526 -0.435265481 -0.668626428
vn -0.492848337 -0.298514992 -0.817306101
vn -0.449793965 -0.449793369 -0.771603167
vn -0.60289526 -0.435265481 -0.668626428
vn -0.649527609 -0.285683453 -0.704626739
vn -0.449793965 -0.449793369 -0.771603167
vn -0.492848337 -0.298514992 -0.817306101
vn -0.328207612 -0.328207344 -0.88575381
vn -0.298514932 -0.492848575 -0.817306042
vn -0.435265452 -0.602894783 -0.668626845
vn -0.449793965 -0.449793369 -0.771603167
vn -0.298514932 -0.492848575 -0.817306042
vn -0.285683513 -0.649528146 -0.704626262
vn -0.521077752 -0.144623026 -0.841167092
vn -0.492848337 -0.298514992 -0.817306101
vn -0.649527609 -0.285683453 -0.704626739
vn -0.677697778 -0.139356032 -0.722014904
vn -0.533560932 0.0170226153 -0.845590234
vn -0.521077752 -0.144623026 -0.841167092
vn -0.677697778 -0.139356032 -0.722014904
vn -0.688409984 0.0186991058 -0.725080669
vn -0.521077752 -0.144623026 -0.841167092
vn -0.533560932 0.0170226153 -0.845590234
vn -0.362280816 0.0106123295 -0.932008564
vn -0.35050565 -0.159738883 -0.922837615
vn -0.492848337 -0.298514992 -0.817306101
vn -0.521077752 -0.144623026 -0.841167092
vn -0.35050565 -0.159738883 -0.922837615
vn -0.328207612 -0.328207344 -0.88575381
vn 0.176864818 -0.172648162 -0.968974411
vn -2.40442977e-09 -0.178025648 -0.984025776
vn -4.80647167e-09 0.00124060316 -0.999999285
vn 0.183924556 0.00423379987 -0.982931197
vn 0.35050565 -0.159738883 -0.922837615
vn 0.176864818 -0.172648162 -0.968974411
vn 0.183924556 0.00423379987 -0.982931197
vn 0.362280846 0.0106122959 -0.932008564
vn 0.176864818 -0.172648162 -0.968974411
vn 0.35050565 -0.159738883 -0.922837615
vn 0.328206927 -0.328207046 -0.885754168
vn 0.16616039 -0.350414634 -0.921737611
vn -2.40442977e-09 -0.178025648 -0.984025776
vn 0.176864818 -0.172648162 -0.968974411
vn 0.16616039 -0.350414634 -0.921737611
vn 0 -0.358641177 -0.933475494
vn 0.521077752 -0.144622371 -0.841167152
vn 0.35050565 -0.159738883 -0.922837615
vn 0.362280846 0.0106122959 -0.932008564
vn 0.533560514 0.017022213 -0.845590532
vn 0.677697361 -0.139355868 -0.72201544
vn 0.521077752 -0.144622371 -0.841167152
vn 0.533560514 0.017022213 -0.845590532
vn 0.688409567 0.0186985768 -0.725081027
vn 0.521077752 -0.144622371 -0.841167152
vn 0.677697361 -0.139355868 -0.72201544
vn 0.649527907 -0.285682797 -0.704626679
vn 0.492848009 -0.298515201 -0.81730628
vn 0.35050565 -0.159738883 -0.922837615
vn 0.521077752 -0.144622371 -0.841167152
vn 0.492848009 -0.298515201 -0.81730628
vn 0.328206927 -0.328207046 -0.885754168
vn 0.449793756 -0.449793667 -0.771603048
vn 0.602894247 -0.435265571 -0.668627322
vn 0.553743839 -0.553743362 -0.621881187
vn 0.435265303 -0.602894843 -0.668626964
vn 0.298515171 -0.492848545 -0.817305863
vn 0.449793756 -0.449793667 -0.771603048
vn 0.435265303 -0.602894843 -0.668626964
vn 0.285683006 -0.649528265 -0.704626322
vn 0.449793756 -0.449793667 -0.771603048
vn 0.298515171 -0.492848545 -0.817305863
vn 0.328206927 -0.328207046 -0.885754168
vn 0.492848009 -0.298515201 -0.81730628
vn 0.602894247 -0.435265571 -0.668627322
vn 0.449793756 -0.449793667 -0.771603048
vn 0.492848009 -0.298515201 -0.81730628
vn 0.649527907 -0.285682797 -0.704626679
vn 0.153352514 -0.520751774 -0.839821815
vn 0.298515171 -0.492848545 -0.817305863
vn 0.285683006 -0.649528265 -0.704626322
vn 0.148828864 -0.676976264 -0.72080034
vn -1.20159005e-09 -0.531063139 -0.847332239
vn 0.153352514 -0.520751774 -0.839821815
vn 0.148828864 -0.676976264 -0.72080034
vn 0 -0.68821007 -0.725511551
vn 0.153352514 -0.520751774 -0.839821815
vn -1.20159005e-09 -0.531063139 -0.847332239
vn 0 -0.358641177 -0.933475494
vn 0.16616039 -0.350414634 -0.921737611
vn 0.298515171 -0.492848545 -0.817305863
vn 0.153352514 -0.520751774 -0.839821815
vn 0.16616039 -0.350414634 -0.921737611
vn 0.328206927 -0.328207046 -0.885754168
vn -0.184262529 0.161341831 0.969544351
vn -0.361264586 0.163340718 0.91804564
vn -0.362280101 0.0106130643 0.932008922
vn -0.18392396 0.00423402432 0.982931316
vn -2.39907649e-09 0.160425156 0.98704803
vn -0.184262529 0.161341831 0.969544351
vn -0.18392396 0.00423402432 0.982931316
vn 0 0.00124042539 0.999999225
vn -0.184262529 0.161341831 0.969544351
vn -2.39907649e-09 0.160425156 0.98704803
vn -8.1399989e-08 0.290463835 0.956885934
vn -0.178646326 0.290448874 0.940066397
vn -0.361264586 0.163340718 0.91804564
vn -0.184262529 0.161341831 0.969544351
vn -0.178646326 0.290448874 0.940066397
vn -0.3503187 0.290543705 0.89042753
vn -0.529185534 0.165262163 0.832256556
vn -0.67959547 0.165644139 0.714641154
vn -0.688409984 0.0186984185 0.725080788
vn -0.533560872 0.0170216467 0.845590353
vn -0.361264586 0.163340718 0.91804564
vn -0.529185534 0.165262163 0.832256556
vn -0.533560872 0.0170216467 0.845590353
vn -0.362280101 0.0106130643 0.932008922
vn -0.529185534 0.165262163 0.832256556
vn -0.361264586 0.163340718 0.91804564
vn -0.3503187 0.290543705 0.89042753
vn -0.513256133 0.290549785 0.807557344
vn -0.67959547 0.165644139 0.714641154
vn -0.529185534 0.165262163 0.832256556
vn -0.513256133 0.290549785 0.807557344
vn -0.65920186 0.290266097 0.693684757
vn 0.184262484 0.161341712 0.969544291
vn -2.39907649e-09 0.160425156 0.98704803
vn 0 0.00124042539 0.999999225
vn 0.183923945 0.00423402386 0.982931316
vn 0.361264139 0.163340479 0.918045819
vn 0.184262484 0.161341712 0.969544291
vn 0.183923945 0.00423402386 0.982931316
vn 0.362280756 0.0106121926 0.932008564
vn 0.184262484 0.161341712 0.969544291
vn 0.361264139 0.163340479 0.918045819
vn 0.350319088 0.290543526 0.89042747
vn 0.178646326 0.290448844 0.940066397
vn -2.39907649e-09 0.160425156 0.98704803
vn 0.184262484 0.161341712 0.969544291
vn 0.178646326 0.290448844 0.940066397
vn -8.1399989e-08 0.290463835 0.956885934
vn 0.529185414 0.165261388 0.832256794
vn 0.361264139 0.163340479 0.918045819
vn 0.362280756 0.0106121926 0.932008564
vn 0.533560574 0.0170212854 0.845590532
vn 0.679595411 0.165643841 0.714641213
vn 0.529185414 0.165261388 0.832256794
vn 0.533560574 0.0170212854 0.845590532
vn 0.68840915 0.018698588 0.725081563
vn 0.529185414 0.165261388 0.832256794
vn 0.679595411 0.165643841 0.714641213
vn 0.659202278 0.290265918 0.693684399
vn 0.513255894 0.290550023 0.807557404
vn 0.361264139 0.163340479 0.918045819
vn 0.529185414 0.165261388 0.832256794
vn 0.513255894 0.290550023 0.807557404
vn 0.350319088 0.290543526 0.89042747
vn -0.966205418 0.15769954 0.20390676
vn -0.987643778 0.156715646 1.37042377e-07
vn -0.99996227 -0.00869137235 0
vn -0.978779316 -0.00573206414 0.204837188
vn -0.904312611 0.160533905 0.395534545
vn -0.966205418 0.15769954 0.20390676
vn -0.978779316 -0.00573206414 0.204837188
vn -0.917265236 0.00276482035 0.398267269
vn -0.966205418 0.15769954 0.20390676
vn -0.904312611 0.160533905 0.395534545
vn -0.876778007 0.289495349 0.383995891
vn -0.936615765 0.289087534 0.197937533
vn -0.987643778 0.156715646 1.37042377e-07
vn -0.966205418 0.15769954 0.20390676
vn -0.936615765 0.289087534 0.197937533
vn -0.957302451 0.289088279 0
vn -0.805860639 0.163727075 0.569018662
vn -0.904312611 0.160533905 0.395534545
vn -0.917265236 0.00276482035 0.398267269
vn -0.817884862 0.0128343664 0.575238824
vn -0.67959547 0.165644139 0.714641154
vn -0.805860639 0.163727075 0.569018662
vn -0.817884862 0.0128343664 0.575238824
vn -0.688409984 0.0186984185 0.725080788
vn -0.805860639 0.163727075 0.569018662
vn -0.67959547 0.165644139 0.714641154
vn -0.65920186 0.290266097 0.693684757
vn -0.78154844 0.289874524 0.552408218
vn -0.904312611 0.160533905 0.395534545
vn -0.805860639 0.163727075 0.569018662
vn -0.78154844 0.289874524 0.552408218
vn -0.876778007 0.289495349 0.383995891
vn 0.966205597 0.15770027 0.203905061
vn 0.904312909 0.160534143 0.395533741
vn 0.917265236 0.00276444969 0.398267329
vn 0.978779435 -0.00573142571 0.204836503
vn 0.987643778 0.156715706 8.65530509e-08
vn 0.966205597 0.15770027 0.203905061
vn 0.978779435 -0.00573142571 0.204836503
vn 0.999962211 -0.00869089458 0
vn 0.966205597 0.15770027 0.203905061
vn 0.987643778 0.156715706 8.65530509e-08
vn 0.95730257 0.289087683 0
vn 0.936615944 0.289087564 0.197937071
vn 0.904312909 0.160534143 0.395533741
vn 0.966205597 0.15770027 0.203905061
vn 0.936615944 0.289087564 0.197937071
vn 0.876778245 0.289495379 0.383995116
vn 0.8058604 0.163727283 0.569018781
vn 0.679595411 0.165643841 0.714641213
vn 0.68840915 0.018698588 0.725081563
vn 0.817884803 0.0128349354 0.575238764
vn 0.904312909 0.160534143 0.395533741
vn 0.8058604 0.163727283 0.569018781
vn 0.817884803 0.0128349354 0.575238764
vn 0.917265236 0.00276444969 0.398267329
vn 0.8058604 0.163727283 0.569018781
vn 0.904312909 0.160534143 0.395533741
vn 0.876778245 0.289495379 0.383995116
vn 0.781549096 0.289874703 0.552407146
vn 0.679595411 0.165643841 0.714641213
vn 0.8058604 0.163727283 0.569018781
vn 0.781549096 0.289874703 0.552407146
vn 0.659202278 0.290265918 0.693684399
vn -0.805860519 0.163727492 -0.569018602
vn -0.67959547 0.165644288 -0.714641154
vn -0.688409984 0.0186991058 -0.725080669
vn -0.817884862 0.0128341503 -0.575238705
vn -0.90431267 0.160534039 -0.395534486
vn -0.805860519 0.163727492 -0.569018602
vn -0.817884862 0.0128341503 -0.575238705
vn -0.917265236 0.00276522222 -0.39826718
vn -0.805860519 0.163727492 -0.569018602
vn -0.90431267 0.160534039 -0.395534486
vn -0.876777947 0.28949526 -0.383996099
vn -0.7815485 0.289874822 -0.55240792
vn -0.67959547 0.165644288 -0.714641154
vn -0.805860519 0.163727492 -0.569018602
vn -0.7815485 0.289874822 -0.55240792
vn -0.659202814 0.290266395 -0.693683624
vn -0.966205478 0.157699689 -0.203906611
vn -0.90431267 0.160534039 -0.395534486
vn -0.917265236 0.00276522222 -0.39826718
vn -0.978779256 -0.00573223736 -0.204837158
vn -0.987643778 0.156715646 1.37042377e-07
vn -0.966205478 0.157699689 -0.203906611
vn -0.978779256 -0.00573223736 -0.204837158
vn -0.99996227 -0.00869137235 0
vn -0.966205478 0.157699689 -0.203906611
vn -0.987643778 0.156715646 1.37042377e-07
vn -0.957302451 0.289088279 0
vn -0.936615765 0.289087653 -0.197937518
vn -0.90431267 0.160534039 -0.395534486
vn -0.966205478 0.157699689 -0.203906611
vn -0.936615765 0.289087653 -0.197937518
vn -0.876777947 0.28949526 -0.383996099
vn 0.805860162 0.163727313 -0.569019198
vn 0.904312789 0.160534337 -0.39553383
vn 0.917265296 0.00276468787 -0.39826718
vn 0.817884922 0.0128342481 -0.575238705
vn 0.67959553 0.165643647 -0.714641213
vn 0.805860162 0.163727313 -0.569019198
vn 0.817884922 0.0128342481 -0.575238705
vn 0.688409567 0.0186985768 -0.725081027
vn 0.805860162 0.163727313 -0.569019198
vn 0.67959553 0.165643647 -0.714641213
vn 0.659202754 0.290266305 -0.693683743
vn 0.781549275 0.289874911 -0.552406907
vn 0.904312789 0.160534337 -0.39553383
vn 0.805860162 0.163727313 -0.569019198
vn 0.781549275 0.289874911 -0.552406907
vn 0.876778126 0.289495885 -0.383995056
vn 0.966205716 0.15770036 -0.203904778
vn 0.987643778 0.156715706 8.65530509e-08
vn 0.999962211 -0.00869089458 0
vn 0.978779435 -0.00573150674 -0.204836488
vn 0.904312789 0.160534337 -0.39553383
vn 0.966205716 0.15770036 -0.203904778
vn 0.978779435 -0.00573150674 -0.204836488
vn 0.917265296 0.00276468787 -0.39826718
vn 0.966205716 0.15770036 -0.203904778
vn 0.904312789 0.160534337 -0.39553383
vn 0.876778126 0.289495885 -0.383995056
vn 0.936615884 0.289087683 -0.19793728
vn 0.987643778 0.156715706 8.65530509e-08
vn 0.966205716 0.15770036 -0.203904778
vn 0.936615884 0.289087683 -0.19793728
vn 0.95730257 0.289087683 0
vn -0.184262365 0.161341205 -0.96954447
vn 0 0.160424531 -0.987048209
vn -4.80647167e-09 0.00124060316 -0.999999285
vn -0.183924556 0.00423363457 -0.982931256
vn -0.361266255 0.163339332 -0.918045163
vn -0.184262365 0.161341205 -0.96954447
vn -0.183924556 0.00423363457 -0.982931256
vn -0.362280816 0.0106123295 -0.932008564
vn -0.184262365 0.161341205 -0.96954447
vn -0.361266255 0.163339332 -0.918045163
vn -0.350318968 0.290543735 -0.890427411
vn -0.178645983 0.290449053 -0.940066457
vn 0 0.160424531 -0.987048209
vn -0.184262365 0.161341205 -0.96954447
vn -0.178645983 0.290449053 -0.940066457
vn 7.25417578e-07 0.290462941 -0.956886172
vn -0.529186308 0.165261641 -0.832256258
vn -0.361266255 0.163339332 -0.918045163
vn -0.362280816 0.0106123295 -0.932008564
vn -0.533560932 0.0170226153 -0.845590234
vn -0.67959547 0.165644288 -0.714641154
vn -0.529186308 0.165261641 -0.832256258
vn -0.533560932 0.0170226153 -0.845590234
vn -0.688409984 0.0186991058 -0.725080669
vn -0.529186308 0.165261641 -0.832256258
vn -0.67959547 0.165644288 -0.714641154
vn -0.659202814 0.290266395 -0.693683624
vn -0.513257742 0.290549159 -0.80755657
vn -0.361266255 0.163339332 -0.918045163
vn -0.529186308 0.165261641 -0.832256258
vn -0.513257742 0.290549159 -0.80755657
vn -0.350318968 0.290543735 -0.890427411
vn 0.184262305 0.161341697 -0.969544411
vn 0.361265808 0.163339734 -0.918045223
vn 0.362280846 0.0106122959 -0.932008564
vn 0.183924556 0.00423379987 -0.982931197
vn 0 0.160424531 -0.987048209
vn 0.184262305 0.161341697 -0.969544411
vn 0.183924556 0.00423379987 -0.982931197
vn -4.80647167e-09 0.00124060316 -0.999999285
vn 0.184262305 0.161341697 -0.969544411
vn 0 0.160424531 -0.987048209
vn 7.25417578e-07 0.290462941 -0.956886172
vn 0.178646967 0.290449172 -0.940066218
vn 0.361265808 0.163339734 -0.918045223
vn 0.184262305 0.161341697 -0.969544411
vn 0.178646967 0.290449172 -0.940066218
vn 0.35031864 0.290543556 -0.890427589
vn 0.529186308 0.165261403 -0.832256258
vn 0.67959553 0.165643647 -0.714641213
vn 0.688409567 0.0186985768 -0.725081027
vn 0.533560514 0.017022213 -0.845590532
vn 0.361265808 0.163339734 -0.918045223
vn 0.529186308 0.165261403 -0.832256258
vn 0.533560514 0.017022213 -0.845590532
vn 0.362280846 0.0106122959 -0.932008564
vn 0.529186308 0.165261403 -0.832256258
vn 0.361265808 0.163339734 -0.918045223
vn 0.35031864 0.290543556 -0.890427589
vn 0.513256371 0.290549964 -0.807557166
vn 0.67959553 0.165643647 -0.714641213
vn 0.529186308 0.165261403 -0.832256258
vn 0.513256371 0.290549964 -0.807557166
vn 0.659202754 0.290266305 -0.693683743
vn -0.172847584 0.377909392 0.909564853
vn -0.338939041 0.378036529 0.861515403
vn -0.3503187 0.290543705 0.89042753
vn -0.178646326 0.290448874 0.940066397
vn 0 0.377943099 0.925828815
vn -0.172847584 0.377909392 0.909564853
vn -0.178646326 0.290448874 0.940066397
vn -8.1399989e-08 0.290463835 0.956885934
vn -0.172847584 0.377909392 0.909564853
vn 0 0.377943099 0.925828815
vn 9.05223828e-07 0.41857475 0.908182323
vn -0.169553086 0.418526381 0.892237365
vn -0.338939041 0.378036529 0.861515403
vn -0.172847584 0.377909392 0.909564853
vn -0.169553086 0.418526381 0.892237365
vn -0.332474649 0.418671578 0.845088601
vn -0.496591181 0.378058374 0.781325221
vn -0.637844563 0.377709627 0.671185255
vn -0.65920186 0.290266097 0.693684757
vn -0.513256133 0.290549785 0.807557344
vn -0.338939041 0.378036529 0.861515403
vn -0.496591181 0.378058374 0.781325221
vn -0.513256133 0.290549785 0.807557344
vn -0.3503187 0.290543705 0.89042753
vn -0.496591181 0.378058374 0.781325221
vn -0.338939041 0.378036529 0.861515403
vn -0.332474649 0.418671578 0.845088601
vn -0.487121344 0.418706626 0.766418755
vn -0.637844563 0.377709627 0.671185255
vn -0.496591181 0.378058374 0.781325221
vn -0.487121344 0.418706626 0.766418755
vn -0.625706315 0.418333501 0.658398569
vn 0.172847241 0.37790978 0.909564734
vn 0 0.377943099 0.925828815
vn -8.1399989e-08 0.290463835 0.956885934
vn 0.178646326 0.290448844 0.940066397
vn 0.33893916 0.378036499 0.861515224
vn 0.172847241 0.37790978 0.909564734
vn 0.178646326 0.290448844 0.940066397
vn 0.350319088 0.290543526 0.89042747
vn 0.172847241 0.37790978 0.909564734
vn 0.33893916 0.378036499 0.861515224
vn 0.332474172 0.418671727 0.84508878
vn 0.169553056 0.418526351 0.892237365
vn 0 0.377943099 0.925828815
vn 0.172847241 0.37790978 0.909564734
vn 0.169553056 0.418526351 0.892237365
vn 9.05223828e-07 0.41857475 0.908182323
vn 0.49659121 0.378058344 0.781325221
vn 0.33893916 0.378036499 0.861515224
vn 0.350319088 0.290543526 0.89042747
vn 0.513255894 0.290550023 0.807557404
vn 0.637844682 0.377710015 0.671184957
vn 0.49659121 0.378058344 0.781325221
vn 0.513255894 0.290550023 0.807557404
vn 0.659202278 0.290265918 0.693684399
vn 0.49659121 0.378058344 0.781325221
vn 0.637844682 0.377710015 0.671184957
vn 0.625706196 0.418333799 0.658398509
vn 0.487121642 0.418706834 0.766418397
vn 0.33893916 0.378036499 0.861515224
vn 0.49659121 0.378058344 0.781325221
vn 0.487121642 0.418706834 0.766418397
vn 0.332474172 0.418671727 0.84508878
vn -0.906483591 0.376286894 0.19156079
vn -0.926487565 0.376325607 2.38950437e-09
vn -0.957302451 0.289088279 0
vn -0.936615765 0.289087534 0.197937533
vn -0.848493457 0.376804739 0.371587008
vn -0.906483591 0.376286894 0.19156079
vn -0.936615765 0.289087534 0.197937533
vn -0.876778007 0.289495349 0.383995891
vn -0.906483591 0.376286894 0.19156079
vn -0.848493457 0.376804739 0.371587008
vn -0.832404733 0.417398989 0.364527553
vn -0.889344156 0.416831315 0.187932879
vn -0.926487565 0.376325607 2.38950437e-09
vn -0.906483591 0.376286894 0.19156079
vn -0.889344156 0.416831315 0.187932879
vn -0.90895015 0.416904777 0
vn -0.756284893 0.377241135 0.534529924
vn -0.848493457 0.376804739 0.371587008
vn -0.876778007 0.289495349 0.383995891
vn -0.78154844 0.289874524 0.552408218
vn -0.637844563 0.377709627 0.671185255
vn -0.756284893 0.377241135 0.534529924
vn -0.78154844 0.289874524 0.552408218
vn -0.65920186 0.290266097 0.693684757
vn -0.756284893 0.377241135 0.534529924
vn -0.637844563 0.377709627 0.671185255
vn -0.625706315 0.418333501 0.658398569
vn -0.7419222 0.417841405 0.52436626
vn -0.848493457 0.376804739 0.371587008
vn -0.756284893 0.377241135 0.534529924
vn -0.7419222 0.417841405 0.52436626
vn -0.832404733 0.417398989 0.364527553
vn 0.906483889 0.376286894 0.191559657
vn 0.848493934 0.376804501 0.371586293
vn 0.876778245 0.289495379 0.383995116
vn 0.936615944 0.289087564 0.197937071
vn 0.926487625 0.376325339 0
vn 0.906483889 0.376286894 0.191559657
vn 0.936615944 0.289087564 0.197937071
vn 0.95730257 0.289087683 0
vn 0.906483889 0.376286894 0.191559657
vn 0.926487625 0.376325339 0
vn 0.908950269 0.416904688 4.9366156e-07
vn 0.889344335 0.416830778 0.187932536
vn 0.848493934 0.376804501 0.371586293
vn 0.906483889 0.376286894 0.191559657
vn 0.889344335 0.416830778 0.187932536
vn 0.83240515 0.417399079 0.3645266
vn 0.756285131 0.377240896 0.534529746
vn 0.637844682 0.377710015 0.671184957
vn 0.659202278 0.290265918 0.693684399
vn 0.781549096 0.289874703 0.552407146
vn 0.848493934 0.376804501 0.371586293
vn 0.756285131 0.377240896 0.534529746
vn 0.781549096 0.289874703 0.552407146
vn 0.876778245 0.289495379 0.383995116
vn 0.756285131 0.377240896 0.534529746
vn 0.848493934 0.376804501 0.371586293
vn 0.83240515 0.417399079 0.3645266
vn 0.741922259 0.417841226 0.5243662
vn 0.637844682 0.377710015 0.671184957
vn 0.756285131 0.377240896 0.534529746
vn 0.741922259 0.417841226 0.5243662
vn 0.625706196 0.418333799 0.658398509
vn -0.756284773 0.377240926 -0.534530163
vn -0.637845874 0.377709776 -0.671184123
vn -0.659202814 0.290266395 -0.693683624
vn -0.7815485 0.289874822 -0.55240792
vn -0.848493516 0.376804739 -0.371587068
vn -0.756284773 0.377240926 -0.534530163
vn -0.7815485 0.289874822 -0.55240792
vn -0.876777947 0.28949526 -0.383996099
vn -0.756284773 0.377240926 -0.534530163
vn -0.848493516 0.376804739 -0.371587068
vn -0.832404673 0.417399168 -0.364527524
vn -0.7419222 0.417841464 -0.5243662
vn -0.637845874 0.377709776 -0.671184123
vn -0.756284773 0.377240926 -0.534530163
vn -0.7419222 0.417841464 -0.5243662
vn -0.625706315 0.41833359 -0.658398509
vn -0.90648365 0.376286834 -0.191560388
vn -0.848493516 0.376804739 -0.371587068
vn -0.876777947 0.28949526 -0.383996099
vn -0.936615765 0.289087653 -0.197937518
vn -0.926487565 0.376325607 2.38950437e-09
vn -0.90648365 0.376286834 -0.191560388
vn -0.936615765 0.289087653 -0.197937518
vn -0.957302451 0.289088279 0
vn -0.90648365 0.376286834 -0.191560388
vn -0.926487565 0.376325607 2.38950437e-09
vn -0.90895015 0.416904777 0
vn -0.889344156 0.416831285 -0.187932879
vn -0.848493516 0.376804739 -0.371587068
vn -0.90648365 0.376286834 -0.191560388
vn -0.889344156 0.416831285 -0.187932879
vn -0.832404673 0.417399168 -0.364527524
vn 0.756284714 0.377241194 -0.534530222
vn 0.848494053 0.376804322 -0.371586293
vn 0.876778126 0.289495885 -0.383995056
vn 0.781549275 0.289874911 -0.552406907
vn 0.63784492 0.377710104 -0.671184778
vn 0.756284714 0.377241194 -0.534530222
vn 0.781549275 0.289874911 -0.552406907
vn 0.659202754 0.290266305 -0.693683743
vn 0.756284714 0.377241194 -0.534530222
vn 0.63784492 0.377710104 -0.671184778
vn 0.625706851 0.418333262 -0.658398092
vn 0.741922438 0.417841494 -0.524365902
vn 0.848494053 0.376804322 -0.371586293
vn 0.756284714 0.377241194 -0.534530222
vn 0.741922438 0.417841494 -0.524365902
vn 0.832404971 0.417399079 -0.364527047
vn 0.906484008 0.376286745 -0.191559702
vn 0.926487625 0.376325339 0
vn 0.95730257 0.289087683 0
vn 0.936615884 0.289087683 -0.19793728
vn 0.848494053 0.376804322 -0.371586293
vn 0.906484008 0.376286745 -0.191559702
vn 0.936615884 0.289087683 -0.19793728
vn 0.876778126 0.289495885 -0.383995056
vn 0.906484008 0.376286745 -0.191559702
vn 0.848494053 0.376804322 -0.371586293
vn 0.832404971 0.417399079 -0.364527047
vn 0.889344513 0.416830719 -0.187932029
vn 0.926487625 0.376325339 0
vn 0.906484008 0.376286745 -0.191559702
vn 0.889344513 0.416830719 -0.187932029
vn 0.908950269 0.416904688 4.9366156e-07
vn -0.172848925 0.37790978 -0.909564495
vn 2.38639353e-09 0.37794295 -0.925828874
vn 7.25417578e-07 0.290462941 -0.956886172
vn -0.178645983 0.290449053 -0.940066457
vn -0.338939607 0.378036827 -0.861514926
vn -0.172848925 0.37790978 -0.909564495
vn -0.178645983 0.290449053 -0.940066457
vn -0.350318968 0.290543735 -0.890427411
vn -0.172848925 0.37790978 -0.909564495
vn -0.338939607 0.378036827 -0.861514926
vn -0.332475662 0.418671459 -0.845088303
vn -0.16955328 0.418526888 -0.892237127
vn 2.38639353e-09 0.37794295 -0.925828874
vn -0.172848925 0.37790978 -0.909564495
vn -0.16955328 0.418526888 -0.892237127
vn -1.09579737e-07 0.418574929 -0.908182263
vn -0.496592194 0.37805891 -0.781324327
vn -0.338939607 0.378036827 -0.861514926
vn -0.350318968 0.290543735 -0.890427411
vn -0.513257742 0.290549159 -0.80755657
vn -0.637845874 0.377709776 -0.671184123
vn -0.496592194 0.37805891 -0.781324327
vn -0.513257742 0.290549159 -0.80755657
vn -0.659202814 0.290266395 -0.693683624
vn -0.496592194 0.37805891 -0.781324327
vn -0.637845874 0.377709776 -0.671184123
vn -0.625706315 0.41833359 -0.658398509
vn -0.487122834 0.418707132 -0.766417444
vn -0.338939607 0.378036827 -0.861514926
vn -0.496592194 0.37805891 -0.781324327
vn -0.487122834 0.418707132 -0.766417444
vn -0.332475662 0.418671459 -0.845088303
vn 0.172848597 0.377909243 -0.909564674
vn 0.33894065 0.378036648 -0.861514568
vn 0.35031864 0.290543556 -0.890427589
vn 0.178646967 0.290449172 -0.940066218
vn 2.38639353e-09 0.37794295 -0.925828874
vn 0.172848597 0.377909243 -0.909564674
vn 0.178646967 0.290449172 -0.940066218
vn 7.25417578e-07 0.290462941 -0.956886172
vn 0.172848597 0.377909243 -0.909564674
vn 2.38639353e-09 0.37794295 -0.925828874
vn -1.09579737e-07 0.418574929 -0.908182263
vn 0.169554368 0.418526769 -0.892236829
vn 0.33894065 0.378036648 -0.861514568
vn 0.172848597 0.377909243 -0.909564674
vn 0.169554368 0.418526769 -0.892236829
vn 0.332475632 0.418671638 -0.845088184
vn 0.496592551 0.378058881 -0.781324089
vn 0.63784492 0.377710104 -0.671184778
vn 0.659202754 0.290266305 -0.693683743
vn 0.513256371 0.290549964 -0.807557166
vn 0.33894065 0.378036648 -0.861514568
vn 0.496592551 0.378058881 -0.781324089
vn 0.513256371 0.290549964 -0.807557166
vn 0.35031864 0.290543556 -0.890427589
vn 0.496592551 0.378058881 -0.781324089
vn 0.33894065 0.378036648 -0.861514568
vn 0.332475632 0.418671638 -0.845088184
vn 0.487122029 0.418706715 -0.766418219
vn 0.63784492 0.377710104 -0.671184778
vn 0.496592551 0.378058881 -0.781324089
vn 0.487122029 0.418706715 -0.766418219
vn 0.625706851 0.418333262 -0.658398092
vn -0.16797106 0.436447829 0.883911192
vn -0.329368293 0.436597884 0.837197065
vn -0.332474649 0.418671578 0.845088601
vn -0.169553086 0.418526381 0.892237365
vn -1.30980851e-07 0.436499208 0.899704695
vn -0.16797106 0.436447829 0.883911192
vn -0.169553086 0.418526381 0.892237365
vn 9.05223828e-07 0.41857475 0.908182323
vn -0.16797106 0.436447829 0.883911192
vn -1.30980851e-07 0.436499208 0.899704695
vn 0 0.451699525 0.892170072
vn -0.166564941 0.451648265 0.876510084
vn -0.329368293 0.436597884 0.837197065
vn -0.16797106 0.436447829 0.883911192
vn -0.166564941 0.451648265 0.876510084
vn -0.326609403 0.451799899 0.830182552
vn -0.482570529 0.436635822 0.759259284
vn -0.619873762 0.436253697 0.652257025
vn -0.625706315 0.418333501 0.658398569
vn -0.487121344 0.418706626 0.766418755
vn -0.329368293 0.436597884 0.837197065
vn -0.482570529 0.436635822 0.759259284
vn -0.487121344 0.418706626 0.766418755
vn -0.332474649 0.418671578 0.845088601
vn -0.482570529 0.436635822 0.759259284
vn -0.329368293 0.436597884 0.837197065
vn -0.326609403 0.451799899 0.830182552
vn -0.478526533 0.451838762 0.752897024
vn -0.619873762 0.436253697 0.652257025
vn -0.482570529 0.436635822 0.759259284
vn -0.478526533 0.451838762 0.752897024
vn -0.61468786 0.45145002 0.646801174
vn 0.167971358 0.436447561 0.883911192
vn -1.30980851e-07 0.436499208 0.899704695
vn 9.05223828e-07 0.41857475 0.908182323
vn 0.169553056 0.418526351 0.892237365
vn 0.329369605 0.436597854 0.837196529
vn 0.167971358 0.436447561 0.883911192
vn 0.169553056 0.418526351 0.892237365
vn 0.332474172 0.418671727 0.84508878
vn 0.167971358 0.436447561 0.883911192
vn 0.329369605 0.436597854 0.837196529
vn 0.326609522 0.451800227 0.830182374
vn 0.16656442 0.451648235 0.876510262
vn -1.30980851e-07 0.436499208 0.899704695
vn 0.167971358 0.436447561 0.883911192
vn 0.16656442 0.451648235 0.876510262
vn 0 0.451699525 0.892170072
vn 0.482570976 0.436635822 0.759259105
vn 0.329369605 0.436597854 0.837196529
vn 0.332474172 0.418671727 0.84508878
vn 0.487121642 0.418706834 0.766418397
vn 0.61987257 0.436254114 0.652257919
vn 0.482570976 0.436635822 0.759259105
vn 0.487121642 0.418706834 0.766418397
vn 0.625706196 0.418333799 0.658398509
vn 0.482570976 0.436635822 0.759259105
vn 0.61987257 0.436254114 0.652257919
vn 0.614688933 0.45144999 0.64680022
vn 0.478528917 0.451838613 0.752895653
vn 0.329369605 0.436597854 0.837196529
vn 0.482570976 0.436635822 0.759259105
vn 0.478528917 0.451838613 0.752895653
vn 0.326609522 0.451800227 0.830182374
vn -0.881108701 0.43471846 0.186191469
vn -0.900527239 0.434799522 0
vn -0.90895015 0.416904777 0
vn -0.889344156 0.416831315 0.187932879
vn -0.82467562 0.435302466 0.361139804
vn -0.881108701 0.43471846 0.186191469
vn -0.889344156 0.416831315 0.187932879
vn -0.832404733 0.417398989 0.364527553
vn -0.881108701 0.43471846 0.186191469
vn -0.82467562 0.435302466 0.361139804
vn -0.817807734 0.450480729 0.358130783
vn -0.873790085 0.44988659 0.184643045
vn -0.900527239 0.434799522 0
vn -0.881108701 0.43471846 0.186191469
vn -0.873790085 0.44988659 0.184643045
vn -0.89304471 0.44996798 0
vn -0.735021055 0.435751319 0.519485176
vn -0.82467562 0.435302466 0.361139804
vn -0.832404733 0.417398989 0.364527553
vn -0.7419222 0.417841405 0.52436626
vn -0.619873762 0.436253697 0.652257025
vn -0.735021055 0.435751319 0.519485176
vn -0.7419222 0.417841405 0.52436626
vn -0.625706315 0.418333501 0.658398569
vn -0.735021055 0.435751319 0.519485176
vn -0.619873762 0.436253697 0.652257025
vn -0.61468786 0.45145002 0.646801174
vn -0.728886843 0.450938284 0.515148997
vn -0.82467562 0.435302466 0.361139804
vn -0.735021055 0.435751319 0.519485176
vn -0.728886843 0.450938284 0.515148997
vn -0.817807734 0.450480729 0.358130783
vn 0.881109118 0.434718281 0.186190113
vn 0.824675679 0.435302347 0.361139536
vn 0.83240515 0.417399079 0.3645266
vn 0.889344335 0.416830778 0.187932536
vn 0.900527298 0.434799284 0
vn 0.881109118 0.434718281 0.186190113
vn 0.889344335 0.416830778 0.187932536
vn 0.908950269 0.416904688 4.9366156e-07
vn 0.881109118 0.434718281 0.186190113
vn 0.900527298 0.434799284 0
vn 0.893044651 0.44996807 6.10290726e-07
vn 0.873789787 0.449887007 0.184642851
vn 0.824675679 0.435302347 0.361139536
vn 0.881109118 0.434718281 0.186190113
vn 0.873789787 0.449887007 0.184642851
vn 0.817807734 0.4504807 0.358130664
vn 0.735020638 0.435751557 0.519485593
vn 0.61987257 0.436254114 0.652257919
vn 0.625706196 0.418333799 0.658398509
vn 0.741922259 0.417841226 0.5243662
vn 0.824675679 0.435302347 0.361139536
vn 0.735020638 0.435751557 0.519485593
vn 0.741922259 0.417841226 0.5243662
vn 0.83240515 0.417399079 0.3645266
vn 0.735020638 0.435751557 0.519485593
vn 0.824675679 0.435302347 0.361139536
vn 0.817807734 0.4504807 0.358130664
vn 0.728885412 0.450938672 0.515150726
vn 0.61987257 0.436254114 0.652257919
vn 0.735020638 0.435751557 0.519485593
vn 0.728885412 0.450938672 0.515150726
vn 0.614688933 0.45144999 0.64680022
vn -0.735020936 0.435751319 -0.519485354
vn -0.619874597 0.436253905 -0.652256191
vn -0.625706315 0.41833359 -0.658398509
vn -0.7419222 0.417841464 -0.5243662
vn -0.824675381 0.435302615 -0.361139953
vn -0.735020936 0.435751319 -0.519485354
vn -0.7419222 0.417841464 -0.5243662
vn -0.832404673 0.417399168 -0.364527524
vn -0.735020936 0.435751319 -0.519485354
vn -0.824675381 0.435302615 -0.361139953
vn -0.817807913 0.45048067 -0.358130395
vn -0.728887081 0.450938106 -0.515148938
vn -0.619874597 0.436253905 -0.652256191
vn -0.735020936 0.435751319 -0.519485354
vn -0.728887081 0.450938106 -0.515148938
vn -0.614688098 0.45145005 -0.646800995
vn -0.881108701 0.43471846 -0.186191469
vn -0.824675381 0.435302615 -0.361139953
vn -0.832404673 0.417399168 -0.364527524
vn -0.889344156 0.416831285 -0.187932879
vn -0.900527239 0.434799522 0
vn -0.881108701 0.43471846 -0.186191469
vn -0.889344156 0.416831285 -0.187932879
vn -0.90895015 0.416904777 0
vn -0.881108701 0.43471846 -0.186191469
vn -0.900527239 0.434799522 0
vn -0.89304471 0.44996798 0
vn -0.873789966 0.44988659 -0.184643507
vn -0.824675381 0.435302615 -0.361139953
vn -0.881108701 0.43471846 -0.186191469
vn -0.873789966 0.44988659 -0.184643507
vn -0.817807913 0.45048067 -0.358130395
vn 0.735021114 0.435751438 -0.519484937
vn 0.824675143 0.435302943 -0.361140072
vn 0.832404971 0.417399079 -0.364527047
vn 0.741922438 0.417841494 -0.524365902
vn 0.619874299 0.436254233 -0.65225631
vn 0.735021114 0.435751438 -0.519484937
vn 0.741922438 0.417841494 -0.524365902
vn 0.625706851 0.418333262 -0.658398092
vn 0.735021114 0.435751438 -0.519484937
vn 0.619874299 0.436254233 -0.65225631
vn 0.614688933 0.45144999 -0.64680022
vn 0.728886962 0.450938314 -0.515148997
vn 0.824675143 0.435302943 -0.361140072
vn 0.735021114 0.435751438 -0.519484937
vn 0.728886962 0.450938314 -0.515148997
vn 0.817807972 0.450480551 -0.358130455
vn 0.881109118 0.4347184 -0.186190173
vn 0.900527298 0.434799284 0
vn 0.908950269 0.416904688 4.9366156e-07
vn 0.889344513 0.416830719 -0.187932029
vn 0.824675143 0.435302943 -0.361140072
vn 0.881109118 0.4347184 -0.186190173
vn 0.889344513 0.416830719 -0.187932029
vn 0.832404971 0.417399079 -0.364527047
vn 0.881109118 0.4347184 -0.186190173
vn 0.824675143 0.435302943 -0.361140072
vn 0.817807972 0.450480551 -0.358130455
vn 0.873789787 0.449886709 -0.184644416
vn 0.900527298 0.434799284 0
vn 0.881109118 0.4347184 -0.186190173
vn 0.873789787 0.449886709 -0.184644416
vn 0.893044651 0.44996807 6.10290726e-07
vn -0.167972296 0.436447948 -0.883910894
vn -1.26217941e-07 0.436499566 -0.899704516
vn -1.09579737e-07 0.418574929 -0.908182263
vn -0.16955328 0.418526888 -0.892237127
vn -0.329369426 0.436598152 -0.83719635
vn -0.167972296 0.436447948 -0.883910894
vn -0.16955328 0.418526888 -0.892237127
vn -0.332475662 0.418671459 -0.845088303
vn -0.167972296 0.436447948 -0.883910894
vn -0.329369426 0.436598152 -0.83719635
vn -0.326610893 0.451800466 -0.830181718
vn -0.166564807 0.451648265 -0.876510143
vn -1.26217941e-07 0.436499566 -0.899704516
vn -0.167972296 0.436447948 -0.883910894
vn -0.166564807 0.451648265 -0.876510143
vn 0 0.451700449 -0.892169654
vn -0.482572913 0.436635911 -0.759257853
vn -0.329369426 0.436598152 -0.83719635
vn -0.332475662 0.418671459 -0.845088303
vn -0.487122834 0.418707132 -0.766417444
vn -0.619874597 0.436253905 -0.652256191
vn -0.482572913 0.436635911 -0.759257853
vn -0.487122834 0.418707132 -0.766417444
vn -0.625706315 0.41833359 -0.658398509
vn -0.482572913 0.436635911 -0.759257853
vn -0.619874597 0.436253905 -0.652256191
vn -0.614688098 0.45145005 -0.646800995
vn -0.478529364 0.451838762 -0.752895355
vn -0.329369426 0.436598152 -0.83719635
vn -0.482572913 0.436635911 -0.759257853
vn -0.478529364 0.451838762 -0.752895355
vn -0.326610893 0.451800466 -0.830181718
vn 0.16797258 0.436448067 -0.883910835
vn 0.329369813 0.436597735 -0.837196469
vn 0.332475632 0.418671638 -0.845088184
vn 0.169554368 0.418526769 -0.892236829
vn -1.26217941e-07 0.436499566 -0.899704516
vn 0.16797258 0.436448067 -0.883910835
vn 0.169554368 0.418526769 -0.892236829
vn -1.09579737e-07 0.418574929 -0.908182263
vn 0.16797258 0.436448067 -0.883910835
vn -1.26217941e-07 0.436499566 -0.899704516
vn 0 0.451700449 -0.892169654
vn 0.166564241 0.451648146 -0.876510203
vn 0.329369813 0.436597735 -0.837196469
vn 0.16797258 0.436448067 -0.883910835
vn 0.166564241 0.451648146 -0.876510203
vn 0.326610506 0.451800346 -0.830182016
vn 0.482572138 0.436635971 -0.75925833
vn 0.619874299 0.436254233 -0.65225631
vn 0.625706851 0.418333262 -0.658398092
vn 0.487122029 0.418706715 -0.766418219
vn 0.329369813 0.436597735 -0.837196469
vn 0.482572138 0.436635971 -0.75925833
vn 0.487122029 0.418706715 -0.766418219
vn 0.332475632 0.418671638 -0.845088184
vn 0.482572138 0.436635971 -0.75925833
vn 0.329369813 0.436597735 -0.837196469
vn 0.326610506 0.451800346 -0.830182016
vn 0.478530347 0.451838583 -0.752894759
vn 0.619874299 0.436254233 -0.65225631
vn 0.482572138 0.436635971 -0.75925833
vn 0.478530347 0.451838583 -0.752894759
vn 0.614688933 0.45144999 -0.64680022
vn -0.165024206 0.467317104 0.868551493
vn -0.323650807 0.467181653 0.822794914
vn -0.326609403 0.451799899 0.830182552
vn -0.166564941 0.451648265 0.876510084
vn -2.45270286e-07 0.467463225 0.88401252
vn -0.165024206 0.467317104 0.868551493
vn -0.166564941 0.451648265 0.876510084
vn 0 0.451699525 0.892170072
vn -0.165024206 0.467317104 0.868551493
vn -2.45270286e-07 0.467463225 0.88401252
vn -3.8099131e-07 0.484818339 0.874614954
vn -0.161650673 0.484274149 0.859853268
vn -0.323650807 0.467181653 0.822794914
vn -0.165024206 0.467317104 0.868551493
vn -0.161650673 0.484274149 0.859853268
vn -0.317275792 0.482902795 0.816174567
vn -0.474346817 0.466783792 0.74639672
vn -0.609456182 0.466151655 0.641299963
vn -0.61468786 0.45145002 0.646801174
vn -0.478526533 0.451838762 0.752897024
vn -0.323650807 0.467181653 0.822794914
vn -0.474346817 0.466783792 0.74639672
vn -0.478526533 0.451838762 0.752897024
vn -0.326609403 0.451799899 0.830182552
vn -0.474346817 0.466783792 0.74639672
vn -0.323650807 0.467181653 0.822794914
vn -0.317275792 0.482902795 0.816174567
vn -0.467468679 0.480564028 0.74197793
vn -0.609456182 0.466151655 0.641299963
vn -0.474346817 0.466783792 0.74639672
vn -0.467468679 0.480564028 0.74197793
vn -0.60503298 0.478831917 0.636125147
vn 0.165026546 0.467317045 0.868551075
vn -2.45270286e-07 0.467463225 0.88401252
vn 0 0.451699525 0.892170072
vn 0.16656442 0.451648235 0.876510262
vn 0.323653132 0.467181712 0.822793901
vn 0.165026546 0.467317045 0.868551075
vn 0.16656442 0.451648235 0.876510262
vn 0.326609522 0.451800227 0.830182374
vn 0.165026546 0.467317045 0.868551075
vn 0.323653132 0.467181712 0.822793901
vn 0.317280143 0.48290202 0.816173255
vn 0.161651418 0.484274119 0.859853089
vn -2.45270286e-07 0.467463225 0.88401252
vn 0.165026546 0.467317045 0.868551075
vn 0.161651418 0.484274119 0.859853089
vn -3.8099131e-07 0.484818339 0.874614954
vn 0.474346817 0.466784239 0.746396422
vn 0.323653132 0.467181712 0.822793901
vn 0.326609522 0.451800227 0.830182374
vn 0.478528917 0.451838613 0.752895653
vn 0.609456599 0.466151297 0.641299784
vn 0.474346817 0.466784239 0.746396422
vn 0.478528917 0.451838613 0.752895653
vn 0.614688933 0.45144999 0.64680022
vn 0.474346817 0.466784239 0.746396422
vn 0.609456599 0.466151297 0.641299784
vn 0.605029404 0.478831828 0.636128545
vn 0.467469782 0.4805637 0.741977513
vn 0.323653132 0.467181712 0.822793901
vn 0.474346817 0.466784239 0.746396422
vn 0.467469782 0.4805637 0.741977513
vn 0.317280143 0.48290202 0.816173255
vn -0.865849972 0.465658695 0.182936847
vn -0.884861887 0.465853542 0
vn -0.89304471 0.44996798 0
vn -0.873790085 0.44988659 0.184643045
vn -0.810531139 0.465929806 0.354892731
vn -0.865849972 0.465658695 0.182936847
vn -0.873790085 0.44988659 0.184643045
vn -0.817807734 0.450480729 0.358130783
vn -0.865849972 0.465658695 0.182936847
vn -0.810531139 0.465929806 0.354892731
vn -0.80414331 0.482015699 0.347871363
vn -0.857003987 0.483172804 0.179131836
vn -0.884861887 0.465853542 0
vn -0.865849972 0.465658695 0.182936847
vn -0.857003987 0.483172804 0.179131836
vn -0.875151157 0.483849496 0
vn -0.722603381 0.465906471 0.5106619
vn -0.810531139 0.465929806 0.354892731
vn -0.817807734 0.450480729 0.358130783
vn -0.728886843 0.450938284 0.515148997
vn -0.609456182 0.466151655 0.641299963
vn -0.722603381 0.465906471 0.5106619
vn -0.728886843 0.450938284 0.515148997
vn -0.61468786 0.45145002 0.646801174
vn -0.722603381 0.465906471 0.5106619
vn -0.609456182 0.466151655 0.641299963
vn -0.60503298 0.478831917 0.636125147
vn -0.718814313 0.479823649 0.503065825
vn -0.810531139 0.465929806 0.354892731
vn -0.722603381 0.465906471 0.5106619
vn -0.718814313 0.479823649 0.503065825
vn -0.80414331 0.482015699 0.347871363
vn 0.865850687 0.46565789 0.182934895
vn 0.810531616 0.465929538 0.354891717
vn 0.817807734 0.4504807 0.358130664
vn 0.873789787 0.449887007 0.184642851
vn 0.884862065 0.465853274 2.16924764e-06
vn 0.865850687 0.46565789 0.182934895
vn 0.873789787 0.449887007 0.184642851
vn 0.893044651 0.44996807 6.10290726e-07
vn 0.865850687 0.46565789 0.182934895
vn 0.884862065 0.465853274 2.16924764e-06
vn 0.875151694 0.483848691 0
vn 0.857003927 0.483172834 0.17913197
vn 0.810531616 0.465929538 0.354891717
vn 0.865850687 0.46565789 0.182934895
vn 0.857003927 0.483172834 0.17913197
vn 0.804143488 0.482015461 0.347871423
vn 0.722603083 0.465905815 0.510662854
vn 0.609456599 0.466151297 0.641299784
vn 0.614688933 0.45144999 0.64680022
vn 0.728885412 0.450938672 0.515150726
vn 0.810531616 0.465929538 0.354891717
vn 0.722603083 0.465905815 0.510662854
vn 0.728885412 0.450938672 0.515150726
vn 0.817807734 0.4504807 0.358130664
vn 0.722603083 0.465905815 0.510662854
vn 0.810531616 0.465929538 0.354891717
vn 0.804143488 0.482015461 0.347871423
vn 0.718813121 0.479823172 0.50306803
vn 0.609456599 0.466151297 0.641299784
vn 0.722603083 0.465905815 0.510662854
vn 0.718813121 0.479823172 0.50306803
vn 0.605029404 0.478831828 0.636128545
vn -0.722602844 0.465906441 -0.510662496
vn -0.60945642 0.466151834 -0.641299605
vn -0.614688098 0.45145005 -0.646800995
vn -0.728887081 0.450938106 -0.515148938
vn -0.810531557 0.465929508 -0.354891896
vn -0.722602844 0.465906441 -0.510662496
vn -0.728887081 0.450938106 -0.515148938
vn -0.817807913 0.45048067 -0.358130395
vn -0.722602844 0.465906441 -0.510662496
vn -0.810531557 0.465929508 -0.354891896
vn -0.80414325 0.482015699 -0.347871363
vn -0.718812823 0.47982353 -0.503068089
vn -0.60945642 0.466151834 -0.641299605
vn -0.722602844 0.465906441 -0.510662496
vn -0.718812823 0.47982353 -0.503068089
vn -0.605033815 0.478830785 -0.636125147
vn -0.865849853 0.465658695 -0.182936847
vn -0.810531557 0.465929508 -0.354891896
vn -0.817807913 0.45048067 -0.358130395
vn -0.873789966 0.44988659 -0.184643507
vn -0.884861887 0.465853542 0
vn -0.865849853 0.465658695 -0.182936847
vn -0.873789966 0.44988659 -0.184643507
vn -0.89304471 0.44996798 0
vn -0.865849853 0.465658695 -0.182936847
vn -0.884861887 0.465853542 0
vn -0.875151157 0.483849496 0
vn -0.857004344 0.483172119 -0.179131955
vn -0.810531557 0.465929508 -0.354891896
vn -0.865849853 0.465658695 -0.182936847
vn -0.857004344 0.483172119 -0.179131955
vn -0.80414325 0.482015699 -0.347871363
vn 0.722602963 0.465905994 -0.510662735
vn 0.810531318 0.465929121 -0.354892939
vn 0.817807972 0.450480551 -0.358130455
vn 0.728886962 0.450938314 -0.515148997
vn 0.609458029 0.466151536 -0.641298413
vn 0.722602963 0.465905994 -0.510662735
vn 0.728886962 0.450938314 -0.515148997
vn 0.614688933 0.45144999 -0.64680022
vn 0.722602963 0.465905994 -0.510662735
vn 0.609458029 0.466151536 -0.641298413
vn 0.605031788 0.478831351 -0.636126518
vn 0.718813062 0.47982344 -0.50306797
vn 0.810531318 0.465929121 -0.354892939
vn 0.722602963 0.465905994 -0.510662735
vn 0.718813062 0.47982344 -0.50306797
vn 0.80414331 0.482015669 -0.347871393
vn 0.865850806 0.465658218 -0.182933912
vn 0.884862065 0.465853274 2.16924764e-06
vn 0.893044651 0.44996807 6.10290726e-07
vn 0.873789787 0.449886709 -0.184644416
vn 0.810531318 0.465929121 -0.354892939
vn 0.865850806 0.465658218 -0.182933912
vn 0.873789787 0.449886709 -0.184644416
vn 0.817807972 0.450480551 -0.358130455
vn 0.865850806 0.465658218 -0.182933912
vn 0.810531318 0.465929121 -0.354892939
vn 0.80414331 0.482015669 -0.347871393
vn 0.857004046 0.483172685 -0.179132029
vn 0.884862065 0.465853274 2.16924764e-06
vn 0.865850806 0.465658218 -0.182933912
vn 0.857004046 0.483172685 -0.179132029
vn 0.875151694 0.483848691 0
vn -0.165024117 0.467317164 -0.868551493
vn -2.59557737e-07 0.467464298 -0.884011865
vn 0 0.451700449 -0.892169654
vn -0.166564807 0.451648265 -0.876510143
vn -0.323653102 0.467182308 -0.822793603
vn -0.165024117 0.467317164 -0.868551493
vn -0.166564807 0.451648265 -0.876510143
vn -0.326610893 0.451800466 -0.830181718
vn -0.165024117 0.467317164 -0.868551493
vn -0.323653102 0.467182308 -0.822793603
vn -0.317279309 0.482902974 -0.816173077
vn -0.161647201 0.484275192 -0.859853208
vn -2.59557737e-07 0.467464298 -0.884011865
vn -0.165024117 0.467317164 -0.868551493
vn -0.161647201 0.484275192 -0.859853208
vn -3.8099077e-07 0.48481828 -0.874614894
vn -0.474348605 0.466783732 -0.746395588
vn -0.323653102 0.467182308 -0.822793603
vn -0.326610893 0.451800466 -0.830181718
vn -0.478529364 0.451838762 -0.752895355
vn -0.60945642 0.466151834 -0.641299605
vn -0.474348605 0.466783732 -0.746395588
vn -0.478529364 0.451838762 -0.752895355
vn -0.614688098 0.45145005 -0.646800995
vn -0.474348605 0.466783732 -0.746395588
vn -0.60945642 0.466151834 -0.641299605
vn -0.605033815 0.478830785 -0.636125147
vn -0.467471391 0.480564296 -0.741976142
vn -0.323653102 0.467182308 -0.822793603
vn -0.474348605 0.466783732 -0.746395588
vn -0.467471391 0.480564296 -0.741976142
vn -0.317279309 0.482902974 -0.816173077
vn 0.165023893 0.467317104 -0.868551552
vn 0.323653072 0.467182487 -0.822793543
vn 0.326610506 0.451800346 -0.830182016
vn 0.166564241 0.451648146 -0.876510203
vn -2.59557737e-07 0.467464298 -0.884011865
vn 0.165023893 0.467317104 -0.868551552
vn 0.166564241 0.451648146 -0.876510203
vn 0 0.451700449 -0.892169654
vn 0.165023893 0.467317104 -0.868551552
vn -2.59557737e-07 0.467464298 -0.884011865
vn -3.8099077e-07 0.48481828 -0.874614894
vn 0.161647931 0.484275192 -0.859853148
vn 0.323653072 0.467182487 -0.822793543
vn 0.165023893 0.467317104 -0.868551552
vn 0.161647931 0.484275192 -0.859853148
vn 0.317280293 0.482902884 -0.816172838
vn 0.474348605 0.46678409 -0.74639535
vn 0.609458029 0.466151536 -0.641298413
vn 0.614688933 0.45144999 -0.64680022
vn 0.478530347 0.451838583 -0.752894759
vn 0.323653072 0.467182487 -0.822793543
vn 0.474348605 0.46678409 -0.74639535
vn 0.478530347 0.451838583 -0.752894759
vn 0.326610506 0.451800346 -0.830182016
vn 0.474348605 0.46678409 -0.74639535
vn 0.323653072 0.467182487 -0.822793543
vn 0.317280293 0.482902884 -0.816172838
vn 0.467469096 0.480564624 -0.741977274
vn 0.609458029 0.466151536 -0.641298413
vn 0.474348605 0.46678409 -0.74639535
vn 0.467469096 0.480564624 -0.741977274
vn 0.605031788 0.478831351 -0.636126518
vn -0.151653215 0.510680735 0.846289814
vn -0.297786653 0.507388294 0.808628678
vn -0.317275792 0.482902795 0.816174567
vn -0.161650673 0.484274149 0.859853268
vn -5.56123894e-07 0.511831105 0.859086037
vn -0.151653215 0.510680735 0.846289814
vn -0.161650673 0.484274149 0.859853268
vn -3.8099131e-07 0.484818339 0.874614954
vn -0.151653215 0.510680735 0.846289814
vn -5.56123894e-07 0.511831105 0.859086037
vn -7.42865041e-07 0.56640327 0.824128211
vn -0.141242012 0.565161884 0.812799394
vn -0.297786653 0.507388294 0.808628678
vn -0.151653215 0.510680735 0.846289814
vn -0.141242012 0.565161884 0.812799394
vn -0.278810889 0.561595201 0.779021978
vn -0.447594613 0.50095737 0.740743339
vn -0.598672867 0.499120742 0.626473606
vn -0.60503298 0.478831917 0.636125147
vn -0.467468679 0.480564028 0.74197793
vn -0.297786653 0.507388294 0.808628678
vn -0.447594613 0.50095737 0.740743339
vn -0.467468679 0.480564028 0.74197793
vn -0.317275792 0.482902795 0.816174567
vn -0.447594613 0.50095737 0.740743339
vn -0.297786653 0.507388294 0.808628678
vn -0.278810889 0.561595201 0.779021978
vn -0.46108219 0.550638735 0.695844889
vn -0.598672867 0.499120742 0.626473606
vn -0.447594613 0.50095737 0.740743339
vn -0.46108219 0.550638735 0.695844889
vn -0.593595862 0.520076156 0.614137471
vn 0.151652694 0.510680795 0.846289933
vn -5.56123894e-07 0.511831105 0.859086037
vn -3.8099131e-07 0.484818339 0.874614954
vn 0.161651418 0.484274119 0.859853089
vn 0.297789276 0.507387996 0.808627903
vn 0.151652694 0.510680795 0.846289933
vn 0.161651418 0.484274119 0.859853089
vn 0.317280143 0.48290202 0.816173255
vn 0.151652694 0.510680795 0.846289933
vn 0.297789276 0.507387996 0.808627903
vn 0.278810918 0.561595201 0.779021978
vn 0.141241252 0.565161943 0.812799454
vn -5.56123894e-07 0.511831105 0.859086037
vn 0.151652694 0.510680795 0.846289933
vn 0.141241252 0.565161943 0.812799454
vn -7.42865041e-07 0.56640327 0.824128211
vn 0.447597206 0.50095588 0.740742862
vn 0.297789276 0.507387996 0.808627903
vn 0.317280143 0.48290202 0.816173255
vn 0.467469782 0.4805637 0.741977513
vn 0.598669589 0.49911955 0.626477838
vn 0.447597206 0.50095588 0.740742862
vn 0.467469782 0.4805637 0.741977513
vn 0.605029404 0.478831828 0.636128545
vn 0.447597206 0.50095588 0.740742862
vn 0.598669589 0.49911955 0.626477838
vn 0.593604267 0.520074069 0.614131212
vn 0.461081952 0.550638258 0.695845485
vn 0.297789276 0.507387996 0.808627903
vn 0.447597206 0.50095588 0.740742862
vn 0.461081952 0.550638258 0.695845485
vn 0.278810918 0.561595201 0.779021978
vn -0.843536675 0.510241449 0.167629391
vn -0.859173238 0.511684954 4.85613964e-06
vn -0.875151157 0.483849496 0
vn -0.857003987 0.483172804 0.179131836
vn -0.798060477 0.506764472 0.3260203
vn -0.843536675 0.510241449 0.167629391
vn -0.857003987 0.483172804 0.179131836
vn -0.80414331 0.482015699 0.347871363
vn -0.843536675 0.510241449 0.167629391
vn -0.798060477 0.506764472 0.3260203
vn -0.772247195 0.560015678 0.300027817
vn -0.811361849 0.564089417 0.153280765
vn -0.859173238 0.511684954 4.85613964e-06
vn -0.843536675 0.510241449 0.167629391
vn -0.811361849 0.564089417 0.153280765
vn -0.824557185 0.565778613 0
vn -0.720552027 0.500065207 0.480353534
vn -0.798060477 0.506764472 0.3260203
vn -0.80414331 0.482015699 0.347871363
vn -0.718814313 0.479823649 0.503065825
vn -0.598672867 0.499120742 0.626473606
vn -0.720552027 0.500065207 0.480353534
vn -0.718814313 0.479823649 0.503065825
vn -0.60503298 0.478831917 0.636125147
vn -0.720552027 0.500065207 0.480353534
vn -0.598672867 0.499120742 0.626473606
vn -0.593595862 0.520076156 0.614137471
vn -0.680939317 0.549128115 0.484540939
vn -0.798060477 0.506764472 0.3260203
vn -0.720552027 0.500065207 0.480353534
vn -0.680939317 0.549128115 0.484540939
vn -0.772247195 0.560015678 0.300027817
vn 0.843536854 0.510241032 0.16762948
vn 0.798062682 0.506764412 0.326015145
vn 0.804143488 0.482015461 0.347871423
vn 0.857003927 0.483172834 0.17913197
vn 0.859173179 0.511684775 4.85852843e-06
vn 0.843536854 0.510241032 0.16762948
vn 0.857003927 0.483172834 0.17913197
vn 0.875151694 0.483848691 0
vn 0.843536854 0.510241032 0.16762948
vn 0.859173179 0.511684775 4.85852843e-06
vn 0.824557185 0.565778613 0
vn 0.811361194 0.564090431 0.153280735
vn 0.798062682 0.506764412 0.326015145
vn 0.843536854 0.510241032 0.16762948
vn 0.811361194 0.564090431 0.153280735
vn 0.772245169 0.560014904 0.300034642
vn 0.720548809 0.50006634 0.48035726
vn 0.598669589 0.49911955 0.626477838
vn 0.605029404 0.478831828 0.636128545
vn 0.718813121 0.479823172 0.50306803
vn 0.798062682 0.506764412 0.326015145
vn 0.720548809 0.50006634 0.48035726
vn 0.718813121 0.479823172 0.50306803
vn 0.804143488 0.482015461 0.347871423
vn 0.720548809 0.50006634 0.48035726
vn 0.798062682 0.506764412 0.326015145
vn 0.772245169 0.560014904 0.300034642
vn 0.680939376 0.549127281 0.484541923
vn 0.598669589 0.49911955 0.626477838
vn 0.720548809 0.50006634 0.48035726
vn 0.680939376 0.549127281 0.484541923
vn 0.593604267 0.520074069 0.614131212
vn -0.720554888 0.500065446 -0.480349213
vn -0.598671019 0.499120235 -0.626475871
vn -0.605033815 0.478830785 -0.636125147
vn -0.718812823 0.47982353 -0.503068089
vn -0.798060358 0.506763041 -0.326022685
vn -0.720554888 0.500065446 -0.480349213
vn -0.718812823 0.47982353 -0.503068089
vn -0.80414325 0.482015699 -0.347871363
vn -0.720554888 0.500065446 -0.480349213
vn -0.798060358 0.506763041 -0.326022685
vn -0.772247791 0.560014904 -0.300027639
vn -0.68094033 0.549125195 -0.484542996
vn -0.598671019 0.499120235 -0.626475871
vn -0.720554888 0.500065446 -0.480349213
vn -0.68094033 0.549125195 -0.484542996
vn -0.59359467 0.520078361 -0.614136636
vn -0.843536198 0.510242224 -0.167629391
vn -0.798060358 0.506763041 -0.326022685
vn -0.80414325 0.482015699 -0.347871363
vn -0.857004344 0.483172119 -0.179131955
vn -0.859173238 0.511684954 4.85613964e-06
vn -0.843536198 0.510242224 -0.167629391
vn -0.857004344 0.483172119 -0.179131955
vn -0.875151157 0.483849496 0
vn -0.843536198 0.510242224 -0.167629391
vn -0.859173238 0.511684954 4.85613964e-06
vn -0.824557185 0.565778613 0
vn -0.811363041 0.564090014 -0.153272688
vn -0.798060358 0.506763041 -0.326022685
vn -0.843536198 0.510242224 -0.167629391
vn -0.811363041 0.564090014 -0.153272688
vn -0.772247791 0.560014904 -0.300027639
vn 0.720551729 0.50006634 -0.480352908
vn 0.79806155 0.506762981 -0.326019913
vn 0.80414331 0.482015669 -0.347871393
vn 0.718813062 0.47982344 -0.50306797
vn 0.59866935 0.499119788 -0.626477778
vn 0.720551729 0.50006634 -0.480352908
vn 0.718813062 0.47982344 -0.50306797
vn 0.605031788 0.478831351 -0.636126518
vn 0.720551729 0.50006634 -0.480352908
vn 0.59866935 0.499119788 -0.626477778
vn 0.593603075 0.520076275 -0.614130259
vn 0.680940866 0.549123764 -0.484543711
vn 0.79806155 0.506762981 -0.326019913
vn 0.720551729 0.50006634 -0.480352908
vn 0.680940866 0.549123764 -0.484543711
vn 0.772243619 0.56001687 -0.300034702
vn 0.843536437 0.510241807 -0.16762948
vn 0.859173179 0.511684775 4.85852843e-06
vn 0.875151694 0.483848691 0
vn 0.857004046 0.483172685 -0.179132029
vn 0.79806155 0.506762981 -0.326019913
vn 0.843536437 0.510241807 -0.16762948
vn 0.857004046 0.483172685 -0.179132029
vn 0.80414331 0.482015669 -0.347871393
vn 0.843536437 0.510241807 -0.16762948
vn 0.79806155 0.506762981 -0.326019913
vn 0.772243619 0.56001687 -0.300034702
vn 0.811362267 0.564091086 -0.153272659
vn 0.859173179 0.511684775 4.85852843e-06
vn 0.843536437 0.510241807 -0.16762948
vn 0.811362267 0.564091086 -0.153272659
vn 0.824557185 0.565778613 0
vn -0.151653185 0.510681629 -0.846289337
vn -5.58505633e-07 0.511830389 -0.859086514
vn -3.8099077e-07 0.48481828 -0.874614894
vn -0.161647201 0.484275192 -0.859853208
vn -0.297786653 0.507388294 -0.808628678
vn -0.151653185 0.510681629 -0.846289337
vn -0.161647201 0.484275192 -0.859853208
vn -0.317279309 0.482902974 -0.816173077
vn -0.151653185 0.510681629 -0.846289337
vn -0.297786653 0.507388294 -0.808628678
vn -0.278810531 0.561592281 -0.779024184
vn -0.141242012 0.565161884 -0.812799394
vn -5.58505633e-07 0.511830389 -0.859086514
vn -0.151653185 0.510681629 -0.846289337
vn -0.141242012 0.565161884 -0.812799394
vn -7.41672636e-07 0.56640321 -0.82412833
vn -0.447589904 0.50095737 -0.7407462
vn -0.297786653 0.507388294 -0.808628678
vn -0.317279309 0.482902974 -0.816173077
vn -0.467471391 0.480564296 -0.741976142
vn -0.598671019 0.499120235 -0.626475871
vn -0.447589904 0.50095737 -0.7407462
vn -0.467471391 0.480564296 -0.741976142
vn -0.605033815 0.478830785 -0.636125147
vn -0.447589904 0.50095737 -0.7407462
vn -0.598671019 0.499120235 -0.626475871
vn -0.59359467 0.520078361 -0.614136636
vn -0.46107623 0.550636351 -0.695850849
vn -0.297786653 0.507388294 -0.808628678
vn -0.447589904 0.50095737 -0.7407462
vn -0.46107623 0.550636351 -0.695850849
vn -0.278810531 0.561592281 -0.779024184
vn 0.151652634 0.51068157 -0.846289396
vn 0.297789276 0.507387996 -0.808627903
vn 0.317280293 0.482902884 -0.816172838
vn 0.161647931 0.484275192 -0.859853148
vn -5.58505633e-07 0.511830389 -0.859086514
vn 0.151652634 0.51068157 -0.846289396
vn 0.161647931 0.484275192 -0.859853148
vn -3.8099077e-07 0.48481828 -0.874614894
vn 0.151652634 0.51068157 -0.846289396
vn -5.58505633e-07 0.511830389 -0.859086514
vn -7.41672636e-07 0.56640321 -0.82412833
vn 0.141241238 0.565161884 -0.812799513
vn 0.297789276 0.507387996 -0.808627903
vn 0.151652634 0.51068157 -0.846289396
vn 0.141241238 0.565161884 -0.812799513
vn 0.278810561 0.561592281 -0.779024184
vn 0.447592348 0.500956655 -0.740745246
vn 0.59866935 0.499119788 -0.626477778
vn 0.605031788 0.478831351 -0.636126518
vn 0.467469096 0.480564624 -0.741977274
vn 0.297789276 0.507387996 -0.808627903
vn 0.447592348 0.500956655 -0.740745246
vn 0.467469096 0.480564624 -0.741977274
vn 0.317280293 0.482902884 -0.816172838
vn 0.447592348 0.500956655 -0.740745246
vn 0.297789276 0.507387996 -0.808627903
vn 0.278810561 0.561592281 -0.779024184
vn 0.461075991 0.550635815 -0.695851445
vn 0.59866935 0.499119788 -0.626477778
vn 0.447592348 0.500956655 -0.740745246
vn 0.461075991 0.550635815 -0.695851445
vn 0.593603075 0.520076275 -0.614130259
vn 0.542234123 0.632783413 0.552781343
vn 0.461081952 0.550638258 0.695845485
vn 0.593604267 0.520074069 0.614131212
vn 0.680939376 0.549127281 0.484541923
vn 0.653334379 0.672685683 0.347344428
vn 0.542234123 0.632783413 0.552781343
vn 0.680939376 0.549127281 0.484541923
vn 0.772245169 0.560014904 0.300034642
vn 0.542234123 0.632783413 0.552781343
vn 0.653334379 0.672685683 0.347344428
vn 0.454487413 0.766771257 0.453324407
vn 0.338856846 0.674794197 0.655613482
vn 0.461081952 0.550638258 0.695845485
vn 0.542234123 0.632783413 0.552781343
vn 0.338856846 0.674794197 0.655613482
vn 0.278810918 0.561595201 0.779021978
vn 0.711072862 0.681880772 0.171504974
vn 0.653334379 0.672685683 0.347344428
vn 0.772245169 0.560014904 0.300034642
vn 0.811361194 0.564090431 0.153280735
vn 0.729371846 0.684117556 9.91514412e-07
vn 0.711072862 0.681880772 0.171504974
vn 0.811361194 0.564090431 0.153280735
vn 0.824557185 0.565778613 0
vn 0.711072862 0.681880772 0.171504974
vn 0.729371846 0.684117556 9.91514412e-07
vn 0.56091094 0.82787621 0
vn 0.534760714 0.813528955 0.228476837
vn 0.653334379 0.672685683 0.347344428
vn 0.711072862 0.681880772 0.171504974
vn 0.534760714 0.813528955 0.228476837
vn 0.454487413 0.766771257 0.453324407
vn 0.71107173 0.681881309 -0.171507716
vn 0.729371846 0.684117556 9.91514412e-07
vn 0.824557185 0.565778613 0
vn 0.811362267 0.564091086 -0.153272659
vn 0.653334081 0.672688842 -0.347338915
vn 0.71107173 0.681881309 -0.171507716
vn 0.811362267 0.564091086 -0.153272659
vn 0.772243619 0.56001687 -0.300034702
vn 0.71107173 0.681881309 -0.171507716
vn 0.653334081 0.672688842 -0.347338915
vn 0.454489857 0.766774535 -0.453316301
vn 0.534759521 0.813529789 -0.228476569
vn 0.729371846 0.684117556 9.91514412e-07
vn 0.71107173 0.681881309 -0.171507716
vn 0.534759521 0.813529789 -0.228476569
vn 0.56091094 0.82787621 0
vn 0.542240918 0.63278383 -0.55277431
vn 0.653334081 0.672688842 -0.347338915
vn 0.772243619 0.56001687 -0.300034702
vn 0.680940866 0.549123764 -0.484543711
vn 0.461075991 0.550635815 -0.695851445
vn 0.542240918 0.63278383 -0.55277431
vn 0.680940866 0.549123764 -0.484543711
vn 0.593603075 0.520076275 -0.614130259
vn 0.542240918 0.63278383 -0.55277431
vn 0.461075991 0.550635815 -0.695851445
vn 0.278810561 0.561592281 -0.779024184
vn 0.338846654 0.674800754 -0.655611932
vn 0.653334081 0.672688842 -0.347338915
vn 0.542240918 0.63278383 -0.55277431
vn 0.338846654 0.674800754 -0.655611932
vn 0.454489857 0.766774535 -0.453316301
vn 0.16659677 0.685016096 0.709223807
vn 0.141241252 0.565161943 0.812799454
vn 0.278810918 0.561595201 0.779021978
vn 0.338856846 0.674794197 0.655613482
vn 0.230374128 0.816809356 0.528914213
vn 0.16659677 0.685016096 0.709223807
vn 0.338856846 0.674794197 0.655613482
vn 0.454487413 0.766771257 0.453324407
vn 0.16659677 0.685016096 0.709223807
vn 0.230374128 0.816809356 0.528914213
vn -1.42992758e-06 0.832382262 0.554201901
vn -1.02021033e-06 0.687193394 0.726474464
vn 0.141241252 0.565161943 0.812799454
vn 0.16659677 0.685016096 0.709223807
vn -1.02021033e-06 0.687193394 0.726474464
vn -7.42865041e-07 0.56640327 0.824128211
vn 0.285617292 0.916615725 0.279711217
vn 0.230374128 0.816809356 0.528914213
vn 0.454487413 0.766771257 0.453324407
vn 0.534760714 0.813528955 0.228476837
vn 0.305754572 0.95211041 0
vn 0.285617292 0.916615725 0.279711217
vn 0.534760714 0.813528955 0.228476837
vn 0.56091094 0.82787621 0
vn 0.285617292 0.916615725 0.279711217
vn 0.305754572 0.95211041 0
vn 1.78918526e-05 0.99999994 0
vn 2.46171661e-09 0.954267561 0.29895407
vn 0.230374128 0.816809356 0.528914213
vn 0.285617292 0.916615725 0.279711217
vn 2.46171661e-09 0.954267561 0.29895407
vn -1.42992758e-06 0.832382262 0.554201901
vn 0.285617262 0.916615725 -0.279711187
vn 0.305754572 0.95211041 0
vn 0.56091094 0.82787621 0
vn 0.534759521 0.813529789 -0.228476569
vn 0.230374113 0.816809297 -0.528914154
vn 0.285617262 0.916615725 -0.279711187
vn 0.534759521 0.813529789 -0.228476569
vn 0.454489857 0.766774535 -0.453316301
vn 0.285617262 0.916615725 -0.279711187
vn 0.230374113 0.816809297 -0.528914154
vn 3.17945305e-05 0.832381427 -0.554203212
vn 2.46171661e-09 0.954267561 -0.29895404
vn 0.305754572 0.95211041 0
vn 0.285617262 0.916615725 -0.279711187
vn 2.46171661e-09 0.954267561 -0.29895404
vn 1.78918526e-05 0.99999994 0
vn 0.166584805 0.685016632 -0.709226072
vn 0.230374113 0.816809297 -0.528914154
vn 0.454489857 0.766774535 -0.453316301
vn 0.338846654 0.674800754 -0.655611932
vn 0.141241238 0.565161884 -0.812799513
vn 0.166584805 0.685016632 -0.709226072
vn 0.338846654 0.674800754 -0.655611932
vn 0.278810561 0.561592281 -0.779024184
vn 0.166584805 0.685016632 -0.709226072
vn 0.141241238 0.565161884 -0.812799513
vn -7.41672636e-07 0.56640321 -0.82412833
vn -1.02502258e-06 0.687193334 -0.726474524
vn 0.230374113 0.816809297 -0.528914154
vn 0.166584805 0.685016632 -0.709226072
vn -1.02502258e-06 0.687193334 -0.726474524
vn 3.17945305e-05 0.832381427 -0.554203212
vn -0.166597784 0.685016096 0.709223688
vn -0.141242012 0.565161884 0.812799394
vn -7.42865041e-07 0.56640327 0.824128211
vn -1.02021033e-06 0.687193394 0.726474464
vn -0.230370089 0.816808522 0.528917253
vn -0.166597784 0.685016096 0.709223688
vn -1.02021033e-06 0.687193394 0.726474464
vn -1.42992758e-06 0.832382262 0.554201901
vn -0.166597784 0.685016096 0.709223688
vn -0.230370089 0.816808522 0.528917253
vn -0.45448795 0.766762733 0.453338116
vn -0.338855267 0.67479223 0.655616164
vn -0.141242012 0.565161884 0.812799394
vn -0.166597784 0.685016096 0.709223688
vn -0.338855267 0.67479223 0.655616164
vn -0.278810889 0.561595201 0.779021978
vn -0.285605609 0.916613877 0.279729158
vn -0.230370089 0.816808522 0.528917253
vn -1.42992758e-06 0.832382262 0.554201901
vn 2.46171661e-09 0.954267561 0.29895407
vn -0.305746377 0.952112973 -2.46119192e-09
vn -0.285605609 0.916613877 0.279729158
vn 2.46171661e-09 0.954267561 0.29895407
vn 1.78918526e-05 0.99999994 0
vn -0.285605609 0.916613877 0.279729158
vn -0.305746377 0.952112973 -2.46119192e-09
vn -0.560923576 0.827867568 1.57630766e-05
vn -0.534756482 0.813534439 0.228467286
vn -0.230370089 0.816808522 0.528917253
vn -0.285605609 0.916613877 0.279729158
vn -0.534756482 0.813534439 0.228467286
vn -0.45448795 0.766762733 0.453338116
vn -0.285595566 0.916624367 -0.279705137
vn -0.305746377 0.952112973 -2.46119192e-09
vn 1.78918526e-05 0.99999994 0
vn 2.46171661e-09 0.954267561 -0.29895404
vn -0.230364963 0.81681776 -0.528905272
vn -0.285595566 0.916624367 -0.279705137
vn 2.46171661e-09 0.954267561 -0.29895404
vn 3.17945305e-05 0.832381427 -0.554203212
vn -0.285595566 0.916624367 -0.279705137
vn -0.230364963 0.81681776 -0.528905272
vn -0.454504132 0.766753078 -0.453338236
vn -0.534749329 0.813539863 -0.228464648
vn -0.305746377 0.952112973 -2.46119192e-09
vn -0.285595566 0.916624367 -0.279705137
vn -0.534749329 0.813539863 -0.228464648
vn -0.560923576 0.827867568 1.57630766e-05
vn -0.166583642 0.685004115 -0.70923847
vn -0.230364963 0.81681776 -0.528905272
vn 3.17945305e-05 0.832381427 -0.554203212
vn -1.02502258e-06 0.687193334 -0.726474524
vn -0.141242012 0.565161884 -0.812799394
vn -0.166583642 0.685004115 -0.70923847
vn -1.02502258e-06 0.687193334 -0.726474524
vn -7.41672636e-07 0.56640321 -0.82412833
vn -0.166583642 0.685004115 -0.70923847
vn -0.141242012 0.565161884 -0.812799394
vn -0.278810531 0.561592281 -0.779024184
vn -0.338845134 0.674798787 -0.655614674
vn -0.230364963 0.81681776 -0.528905272
vn -0.166583642 0.685004115 -0.70923847
vn -0.338845134 0.674798787 -0.655614674
vn -0.454504132 0.766753078 -0.453338236
vn -0.542231619 0.632787049 0.552779675
vn -0.46108219 0.550638735 0.695844889
vn -0.278810889 0.561595201 0.779021978
vn -0.338855267 0.67479223 0.655616164
vn -0.653339922 0.672677636 0.347349524
vn -0.542231619 0.632787049 0.552779675
vn -0.338855267 0.67479223 0.655616164
vn -0.45448795 0.766762733 0.453338116
vn -0.542231619 0.632787049 0.552779675
vn -0.653339922 0.672677636 0.347349524
vn -0.772247195 0.560015678 0.300027817
vn -0.680939317 0.549128115 0.484540939
vn -0.46108219 0.550638735 0.695844889
vn -0.542231619 0.632787049 0.552779675
vn -0.680939317 0.549128115 0.484540939
vn -0.593595862 0.520076156 0.614137471
vn -0.71108067 0.681872249 0.171506152
vn -0.653339922 0.672677636 0.347349524
vn -0.45448795 0.766762733 0.453338116
vn -0.534756482 0.813534439 0.228467286
vn -0.729371011 0.68411833 9.91511797e-07
vn -0.71108067 0.681872249 0.171506152
vn -0.534756482 0.813534439 0.228467286
vn -0.560923576 0.827867568 1.57630766e-05
vn -0.71108067 0.681872249 0.171506152
vn -0.729371011 0.68411833 9.91511797e-07
vn -0.824557185 0.565778613 0
vn -0.811361849 0.564089417 0.153280765
vn -0.653339922 0.672677636 0.347349524
vn -0.71108067 0.681872249 0.171506152
vn -0.811361849 0.564089417 0.153280765
vn -0.772247195 0.560015678 0.300027817
vn -0.711088002 0.681867003 -0.171496734
vn -0.729371011 0.68411833 9.91511797e-07
vn -0.560923576 0.827867568 1.57630766e-05
vn -0.534749329 0.813539863 -0.228464648
vn -0.653334916 0.672685683 -0.347343534
vn -0.711088002 0.681867003 -0.171496734
vn -0.534749329 0.813539863 -0.228464648
vn -0.454504132 0.766753078 -0.453338236
vn -0.711088002 0.681867003 -0.171496734
vn -0.653334916 0.672685683 -0.347343534
vn -0.772247791 0.560014904 -0.300027639
vn -0.811363041 0.564090014 -0.153272688
vn -0.729371011 0.68411833 9.91511797e-07
vn -0.711088002 0.681867003 -0.171496734
vn -0.811363041 0.564090014 -0.153272688
vn -0.824557185 0.565778613 0
vn -0.542233706 0.632783413 -0.55278182
vn -0.653334916 0.672685683 -0.347343534
vn -0.454504132 0.766753078 -0.453338236
vn -0.338845134 0.674798787 -0.655614674
vn -0.46107623 0.550636351 -0.695850849
vn -0.542233706 0.632783413 -0.55278182
vn -0.338845134 0.674798787 -0.655614674
vn -0.278810531 0.561592281 -0.779024184
vn -0.542233706 0.632783413 -0.55278182
vn -0.46107623 0.550636351 -0.695850849
vn -0.59359467 0.520078361 -0.614136636
vn -0.68094033 0.549125195 -0.484542996
vn -0.653334916 0.672685683 -0.347343534
vn -0.542233706 0.632783413 -0.55278182
vn -0.68094033 0.549125195 -0.484542996
vn -0.772247791 0.560014904 -0.300027639
g 
f 1//1 2//2 3//3 4//4
f 5//5 1//6 4//7 6//8
f 1//9 5//10 7//11 8//12
f 2//13 1//14 8//15 9//16
f 10//17 5//18 6//19 11//20
f 12//21 10//22 11//23 13//24
f 10//25 12//26 14//27 15//28
f 5//29 10//30 15//31 7//32
f 16//33 17//34 18//35 19//36
f 20//37 16//38 19//39 21//40
f 16//41 20//42 7//43 15//44
f 17//45 16//46 15//47 14//48
f 22//49 20//50 21//51 23//52
f 24//53 22//54 23//55 25//56
f 22//57 24//58 9//59 8//60
f 20//61 22//62 8//63 7//64
f 26//65 27//66 3//67 2//68
f 28//69 26//70 2//71 9//72
f 26//73 28//74 29//75 30//76
f 27//77 26//78 30//79 31//80
f 32//81 28//82 9//83 24//84
f 33//85 32//86 24//87 25//88
f 32//89 33//90 34//91 35//92
f 28//93 32//94 35//95 29//96
f 36//97 37//98 38//99 39//100
f 40//101 36//102 39//103 41//104
f 36//105 40//106 29//107 35//108
f 37//109 36//110 35//111 34//112
f 42//113 40//114 41//115 43//116
f 44//117 42//118 43//119 45//120
f 42//121 44//122 31//123 30//124
f 40//125 42//126 30//127 29//128
f 46//129 12//130 13//131 47//132
f 48//133 46//134 47//135 49//136
f 46//137 48//138 50//139 51//140
f 12//141 46//142 51//143 14//144
f 52//145 48//146 49//147 53//148
f 54//149 52//150 53//151 55//152
f 52//153 54//154 56//155 57//156
f 48//157 52//158 57//159 50//160
f 58//161 59//162 60//163 61//164
f 62//165 58//166 61//167 63//168
f 58//169 62//170 50//171 57//172
f 59//173 58//174 57//175 56//176
f 64//177 62//178 63//179 65//180
f 17//181 64//182 65//183 18//184
f 64//185 17//186 14//187 51//188
f 62//189 64//190 51//191 50//192
f 66//193 19//194 18//195 65//196
f 67//197 66//198 65//199 63//200
f 66//201 67//202 68//203 69//204
f 19//205 66//206 69//207 21//208
f 70//209 67//210 63//211 61//212
f 71//213 70//214 61//215 60//216
f 70//217 71//218 72//219 73//220
f 67//221 70//222 73//223 68//224
f 74//225 75//226 76//227 77//228
f 78//229 74//230 77//231 79//232
f 74//233 78//234 68//235 73//236
f 75//237 74//238 73//239 72//240
f 80//241 78//242 79//243 81//244
f 23//245 80//246 81//247 25//248
f 80//249 23//250 21//251 69//252
f 78//253 80//254 69//255 68//256
f 82//257 33//258 25//259 81//260
f 83//261 82//262 81//263 79//264
f 82//265 83//266 84//267 85//268
f 33//269 82//270 85//271 34//272
f 86//273 83//274 79//275 77//276
f 87//277 86//278 77//279 76//280
f 86//281 87//282 88//283 89//284
f 83//285 86//286 89//287 84//288
f 90//289 91//290 92//291 93//292
f 94//293 90//294 93//295 95//296
f 90//297 94//298 84//299 89//300
f 91//301 90//302 89//303 88//304
f 96//305 94//306 95//307 97//308
f 37//309 96//310 97//311 38//312
f 96//313 37//314 34//315 85//316
f 94//317 96//318 85//319 84//320
f 98//321 39//322 38//323 97//324
f 99//325 98//326 97//327 95//328
f 98//329 99//330 100//331 101//332
f 39//333 98//334 101//335 41//336
f 102//337 99//338 95//339 93//340
f 103//341 102//342 93//343 92//344
f 102//345 103//346 104//347 105//348
f 99//349 102//350 105//351 100//352
f 106//353 107//354 108//355 109//356
f 110//357 106//358 109//359 111//360
f 106//361 110//362 100//363 105//364
f 107//365 106//366 105//367 104//368
f 112//369 110//370 111//371 113//372
f 43//373 112//374 113//375 45//376
f 112//377 43//378 41//379 101//380
f 110//381 112//382 101//383 100//384
f 114//385 54//386 55//387 115//388
f 116//389 114//390 115//391 117//392
f 114//393 116//394 118//395 119//396
f 54//397 114//398 119//399 56//400
f 120//401 116//402 117//403 121//404
f 122//405 120//406 121//407 123//408
f 120//409 122//410 124//411 125//412
f 116//413 120//414 125//415 118//416
f 126//417 127//418 128//419 129//420
f 130//421 126//422 129//423 131//424
f 126//425 130//426 118//427 125//428
f 127//429 126//430 125//431 124//432
f 132//433 130//434 131//435 133//436
f 59//437 132//438 133//439 60//440
f 132//441 59//442 56//443 119//444
f 130//445 132//446 119//447 118//448
f 134//449 71//450 60//451 133//452
f 135//453 134//454 133//455 131//456
f 134//457 135//458 136//459 137//460
f 71//461 134//462 137//463 72//464
f 138//465 135//466 131//467 129//468
f 139//469 138//470 129//471 128//472
f 138//473 139//474 140//475 141//476
f 135//477 138//478 141//479 136//480
f 142//481 143//482 144//483 145//484
f 146//485 142//486 145//487 147//488
f 142//489 146//490 136//491 141//492
f 143//493 142//494 141//495 140//496
f 148//497 146//498 147//499 149//500
f 75//501 148//502 149//503 76//504
f 148//505 75//506 72//507 137//508
f 146//509 148//510 137//511 136//512
f 150//513 87//514 76//515 149//516
f 151//517 150//518 149//519 147//520
f 150//521 151//522 152//523 153//524
f 87//525 150//526 153//527 88//528
f 154//529 151//530 147//531 145//532
f 155//533 154//534 145//535 144//536
f 154//537 155//538 156//539 157//540
f 151//541 154//542 157//543 152//544
f 158//545 159//546 160//547 161//548
f 162//549 158//550 161//551 163//552
f 158//553 162//554 152//555 157//556
f 159//557 158//558 157//559 156//560
f 164//561 162//562 163//563 165//564
f 91//565 164//566 165//567 92//568
f 164//569 91//570 88//571 153//572
f 162//573 164//574 153//575 152//576
f 166//577 103//578 92//579 165//580
f 167//581 166//582 165//583 163//584
f 166//585 167//586 168//587 169//588
f 103//589 166//590 169//591 104//592
f 170//593 167//594 163//595 161//596
f 171//597 170//598 161//599 160//600
f 170//601 171//602 172//603 173//604
f 167//605 170//606 173//607 168//608
f 174//609 175//610 176//611 177//612
f 178//613 174//614 177//615 179//616
f 174//617 178//618 168//619 173//620
f 175//621 174//622 173//623 172//624
f 180//625 178//626 179//627 181//628
f 107//629 180//630 181//631 108//632
f 180//633 107//634 104//635 169//636
f 178//637 180//638 169//639 168//640
f 182//641 183//642 184//643 185//644
f 186//645 182//646 185//647 187//648
f 182//649 186//650 188//651 189//652
f 183//653 182//654 189//655 190//656
f 191//657 186//658 187//659 192//660
f 143//661 191//662 192//663 144//664
f 191//665 143//666 140//667 193//668
f 186//669 191//670 193//671 188//672
f 194//673 139//674 128//675 127//676
f 195//677 194//678 127//679 124//680
f 194//681 195//682 188//683 193//684
f 139//685 194//686 193//687 140//688
f 196//689 195//690 124//691 122//692
f 197//693 196//694 122//695 123//696
f 196//697 197//698 190//699 189//700
f 195//701 196//702 189//703 188//704
f 198//705 185//706 184//707 199//708
f 200//709 198//710 199//711 201//712
f 198//713 200//714 202//715 203//716
f 185//717 198//718 203//719 187//720
f 204//721 200//722 201//723 205//724
f 175//725 204//726 205//727 176//728
f 204//729 175//730 172//731 206//732
f 200//733 204//734 206//735 202//736
f 207//737 171//738 160//739 159//740
f 208//741 207//742 159//743 156//744
f 207//745 208//746 202//747 206//748
f 171//749 207//750 206//751 172//752
f 209//753 208//754 156//755 155//756
f 192//757 209//758 155//759 144//760
f 209//761 192//762 187//763 203//764
f 208//765 209//766 203//767 202//768
f 210//769 211//770 6//771 4//772
f 212//773 210//774 4//775 3//776
f 210//777 212//778 213//779 214//780
f 211//781 210//782 214//783 215//784
f 216//785 217//786 13//787 11//788
f 211//789 216//790 11//791 6//792
f 216//793 211//794 215//795 218//796
f 217//797 216//798 218//799 219//800
f 220//801 212//802 3//803 27//804
f 221//805 220//806 27//807 31//808
f 220//809 221//810 222//811 223//812
f 212//813 220//814 223//815 213//816
f 224//817 221//818 31//819 44//820
f 225//821 224//822 44//823 45//824
f 224//825 225//826 226//827 227//828
f 221//829 224//830 227//831 222//832
f 228//833 229//834 55//835 53//836
f 230//837 228//838 53//839 49//840
f 228//841 230//842 231//843 232//844
f 229//845 228//846 232//847 233//848
f 234//849 230//850 49//851 47//852
f 217//853 234//854 47//855 13//856
f 234//857 217//858 219//859 235//860
f 230//861 234//862 235//863 231//864
f 236//865 237//866 111//867 109//868
f 238//869 236//870 109//871 108//872
f 236//873 238//874 239//875 240//876
f 237//877 236//878 240//879 241//880
f 242//881 225//882 45//883 113//884
f 237//885 242//886 113//887 111//888
f 242//889 237//890 241//891 243//892
f 225//893 242//894 243//895 226//896
f 244//897 245//898 123//899 121//900
f 246//901 244//902 121//903 117//904
f 244//905 246//906 247//907 248//908
f 245//909 244//910 248//911 249//912
f 250//913 246//914 117//915 115//916
f 229//917 250//918 115//919 55//920
f 250//921 229//922 233//923 251//924
f 246//925 250//926 251//927 247//928
f 252//929 253//930 179//931 177//932
f 254//933 252//934 177//935 176//936
f 252//937 254//938 255//939 256//940
f 253//941 252//942 256//943 257//944
f 258//945 238//946 108//947 181//948
f 253//949 258//950 181//951 179//952
f 258//953 253//954 257//955 259//956
f 238//957 258//958 259//959 239//960
f 260//961 261//962 184//963 183//964
f 262//965 260//966 183//967 190//968
f 260//969 262//970 263//971 264//972
f 261//973 260//974 264//975 265//976
f 266//977 262//978 190//979 197//980
f 245//981 266//982 197//983 123//984
f 266//985 245//986 249//987 267//988
f 262//989 266//990 267//991 263//992
f 268//993 269//994 201//995 199//996
f 261//997 268//998 199//999 184//1000
f 268//1001 261//1002 265//1003 270//1004
f 269//1005 268//1006 270//1007 271//1008
f 272//1009 254//1010 176//1011 205//1012
f 269//1013 272//1014 205//1015 201//1016
f 272//1017 269//1018 271//1019 273//1020
f 254//1021 272//1022 273//1023 255//1024
f 274//1025 275//1026 215//1027 214//1028
f 276//1029 274//1030 214//1031 213//1032
f 274//1033 276//1034 277//1035 278//1036
f 275//1037 274//1038 278//1039 279//1040
f 280//1041 281//1042 219//1043 218//1044
f 275//1045 280//1046 218//1047 215//1048
f 280//1049 275//1050 279//1051 282//1052
f 281//1053 280//1054 282//1055 283//1056
f 284//1057 276//1058 213//1059 223//1060
f 285//1061 284//1062 223//1063 222//1064
f 284//1065 285//1066 286//1067 287//1068
f 276//1069 284//1070 287//1071 277//1072
f 288//1073 285//1074 222//1075 227//1076
f 289//1077 288//1078 227//1079 226//1080
f 288//1081 289//1082 290//1083 291//1084
f 285//1085 288//1086 291//1087 286//1088
f 292//1089 293//1090 233//1091 232//1092
f 294//1093 292//1094 232//1095 231//1096
f 292//1097 294//1098 295//1099 296//1100
f 293//1101 292//1102 296//1103 297//1104
f 298//1105 294//1106 231//1107 235//1108
f 281//1109 298//1110 235//1111 219//1112
f 298//1113 281//1114 283//1115 299//1116
f 294//1117 298//1118 299//1119 295//1120
f 300//1121 301//1122 241//1123 240//1124
f 302//1125 300//1126 240//1127 239//1128
f 300//1129 302//1130 303//1131 304//1132
f 301//1133 300//1134 304//1135 305//1136
f 306//1137 289//1138 226//1139 243//1140
f 301//1141 306//1142 243//1143 241//1144
f 306//1145 301//1146 305//1147 307//1148
f 289//1149 306//1150 307//1151 290//1152
f 308//1153 309//1154 249//1155 248//1156
f 310//1157 308//1158 248//1159 247//1160
f 308//1161 310//1162 311//1163 312//1164
f 309//1165 308//1166 312//1167 313//1168
f 314//1169 310//1170 247//1171 251//1172
f 293//1173 314//1174 251//1175 233//1176
f 314//1177 293//1178 297//1179 315//1180
f 310//1181 314//1182 315//1183 311//1184
f 316//1185 317//1186 257//1187 256//1188
f 318//1189 316//1190 256//1191 255//1192
f 316//1193 318//1194 319//1195 320//1196
f 317//1197 316//1198 320//1199 321//1200
f 322//1201 302//1202 239//1203 259//1204
f 317//1205 322//1206 259//1207 257//1208
f 322//1209 317//1210 321//1211 323//1212
f 302//1213 322//1214 323//1215 303//1216
f 324//1217 325//1218 265//1219 264//1220
f 326//1221 324//1222 264//1223 263//1224
f 324//1225 326//1226 327//1227 328//1228
f 325//1229 324//1230 328//1231 329//1232
f 330//1233 326//1234 263//1235 267//1236
f 309//1237 330//1238 267//1239 249//1240
f 330//1241 309//1242 313//1243 331//1244
f 326//1245 330//1246 331//1247 327//1248
f 332//1249 333//1250 271//1251 270//1252
f 325//1253 332//1254 270//1255 265//1256
f 332//1257 325//1258 329//1259 334//1260
f 333//1261 332//1262 334//1263 335//1264
f 336//1265 318//1266 255//1267 273//1268
f 333//1269 336//1270 273//1271 271//1272
f 336//1273 333//1274 335//1275 337//1276
f 318//1277 336//1278 337//1279 319//1280
f 338//1281 339//1282 279//1283 278//1284
f 340//1285 338//1286 278//1287 277//1288
f 338//1289 340//1290 341//1291 342//1292
f 339//1293 338//1294 342//1295 343//1296
f 344//1297 345//1298 283//1299 282//1300
f 339//1301 344//1302 282//1303 279//1304
f 344//1305 339//1306 343//1307 346//1308
f 345//1309 344//1310 346//1311 347//1312
f 348//1313 340//1314 277//1315 287//1316
f 349//1317 348//1318 287//1319 286//1320
f 348//1321 349//1322 350//1323 351//1324
f 340//1325 348//1326 351//1327 341//1328
f 352//1329 349//1330 286//1331 291//1332
f 353//1333 352//1334 291//1335 290//1336
f 352//1337 353//1338 354//1339 355//1340
f 349//1341 352//1342 355//1343 350//1344
f 356//1345 357//1346 297//1347 296//1348
f 358//1349 356//1350 296//1351 295//1352
f 356//1353 358//1354 359//1355 360//1356
f 357//1357 356//1358 360//1359 361//1360
f 362//1361 358//1362 295//1363 299//1364
f 345//1365 362//1366 299//1367 283//1368
f 362//1369 345//1370 347//1371 363//1372
f 358//1373 362//1374 363//1375 359//1376
f 364//1377 365//1378 305//1379 304//1380
f 366//1381 364//1382 304//1383 303//1384
f 364//1385 366//1386 367//1387 368//1388
f 365//1389 364//1390 368//1391 369//1392
f 370//1393 353//1394 290//1395 307//1396
f 365//1397 370//1398 307//1399 305//1400
f 370//1401 365//1402 369//1403 371//1404
f 353//1405 370//1406 371//1407 354//1408
f 372//1409 373//1410 313//1411 312//1412
f 374//1413 372//1414 312//1415 311//1416
f 372//1417 374//1418 375//1419 376//1420
f 373//1421 372//1422 376//1423 377//1424
f 378//1425 374//1426 311//1427 315//1428
f 357//1429 378//1430 315//1431 297//1432
f 378//1433 357//1434 361//1435 379//1436
f 374//1437 378//1438 379//1439 375//1440
f 380//1441 381//1442 321//1443 320//1444
f 382//1445 380//1446 320//1447 319//1448
f 380//1449 382//1450 383//1451 384//1452
f 381//1453 380//1454 384//1455 385//1456
f 386//1457 366//1458 303//1459 323//1460
f 381//1461 386//1462 323//1463 321//1464
f 386//1465 381//1466 385//1467 387//1468
f 366//1469 386//1470 387//1471 367//1472
f 388//1473 389//1474 329//1475 328//1476
f 390//1477 388//1478 328//1479 327//1480
f 388//1481 390//1482 391//1483 392//1484
f 389//1485 388//1486 392//1487 393//1488
f 394//1489 390//1490 327//1491 331//1492
f 373//1493 394//1494 331//1495 313//1496
f 394//1497 373//1498 377//1499 395//1500
f 390//1501 394//1502 395//1503 391//1504
f 396//1505 397//1506 335//1507 334//1508
f 389//1509 396//1510 334//1511 329//1512
f 396//1513 389//1514 393//1515 398//1516
f 397//1517 396//1518 398//1519 399//1520
f 400//1521 382//1522 319//1523 337//1524
f 397//1525 400//1526 337//1527 335//1528
f 400//1529 397//1530 399//1531 401//1532
f 382//1533 400//1534 401//1535 383//1536
f 402//1537 403//1538 343//1539 342//1540
f 404//1541 402//1542 342//1543 341//1544
f 402//1545 404//1546 405//1547 406//1548
f 403//1549 402//1550 406//1551 407//1552
f 408//1553 409//1554 347//1555 346//1556
f 403//1557 408//1558 346//1559 343//1560
f 408//1561 403//1562 407//1563 410//1564
f 409//1565 408//1566 410//1567 411//1568
f 412//1569 404//1570 341//1571 351//1572
f 413//1573 412//1574 351//1575 350//1576
f 412//1577 413//1578 414//1579 415//1580
f 404//1581 412//1582 415//1583 405//1584
f 416//1585 413//1586 350//1587 355//1588
f 417//1589 416//1590 355//1591 354//1592
f 416//1593 417//1594 418//1595 419//1596
f 413//1597 416//1598 419//1599 414//1600
f 420//1601 421//1602 361//1603 360//1604
f 422//1605 420//1606 360//1607 359//1608
f 420//1609 422//1610 423//1611 424//1612
f 421//1613 420//1614 424//1615 425//1616
f 426//1617 422//1618 359//1619 363//1620
f 409//1621 426//1622 363//1623 347//1624
f 426//1625 409//1626 411//1627 427//1628
f 422//1629 426//1630 427//1631 423//1632
f 428//1633 429//1634 369//1635 368//1636
f 430//1637 428//1638 368//1639 367//1640
f 428//1641 430//1642 431//1643 432//1644
f 429//1645 428//1646 432//1647 433//1648
f 434//1649 417//1650 354//1651 371//1652
f 429//1653 434//1654 371//1655 369//1656
f 434//1657 429//1658 433//1659 435//1660
f 417//1661 434//1662 435//1663 418//1664
f 436//1665 437//1666 377//1667 376//1668
f 438//1669 436//1670 376//1671 375//1672
f 436//1673 438//1674 439//1675 440//1676
f 437//1677 436//1678 440//1679 441//1680
f 442//1681 438//1682 375//1683 379//1684
f 421//1685 442//1686 379//1687 361//1688
f 442//1689 421//1690 425//1691 443//1692
f 438//1693 442//1694 443//1695 439//1696
f 444//1697 445//1698 385//1699 384//1700
f 446//1701 444//1702 384//1703 383//1704
f 444//1705 446//1706 447//1707 448//1708
f 445//1709 444//1710 448//1711 449//1712
f 450//1713 430//1714 367//1715 387//1716
f 445//1717 450//1718 387//1719 385//1720
f 450//1721 445//1722 449//1723 451//1724
f 430//1725 450//1726 451//1727 431//1728
f 452//1729 453//1730 393//1731 392//1732
f 454//1733 452//1734 392//1735 391//1736
f 452//1737 454//1738 455//1739 456//1740
f 453//1741 452//1742 456//1743 457//1744
f 458//1745 454//1746 391//1747 395//1748
f 437//1749 458//1750 395//1751 377//1752
f 458//1753 437//1754 441//1755 459//1756
f 454//1757 458//1758 459//1759 455//1760
f 460//1761 461//1762 399//1763 398//1764
f 453//1765 460//1766 398//1767 393//1768
f 460//1769 453//1770 457//1771 462//1772
f 461//1773 460//1774 462//1775 463//1776
f 464//1777 446//1778 383//1779 401//1780
f 461//1781 464//1782 401//1783 399//1784
f 464//1785 461//1786 463//1787 465//1788
f 446//1789 464//1790 465//1791 447//1792
f 466//1793 467//1794 407//1795 406//1796
f 468//1797 466//1798 406//1799 405//1800
f 466//1801 468//1802 469//1803 470//1804
f 467//1805 466//1806 470//1807 471//1808
f 472//1809 473//1810 411//1811 410//1812
f 467//1813 472//1814 410//1815 407//1816
f 472//1817 467//1818 471//1819 474//1820
f 473//1821 472//1822 474//1823 475//1824
f 476//1825 468//1826 405//1827 415//1828
f 477//1829 476//1830 415//1831 414//1832
f 476//1833 477//1834 478//1835 479//1836
f 468//1837 476//1838 479//1839 469//1840
f 480//1841 477//1842 414//1843 419//1844
f 481//1845 480//1846 419//1847 418//1848
f 480//1849 481//1850 482//1851 483//1852
f 477//1853 480//1854 483//1855 478//1856
f 484//1857 485//1858 425//1859 424//1860
f 486//1861 484//1862 424//1863 423//1864
f 484//1865 486//1866 487//1867 488//1868
f 485//1869 484//1870 488//1871 489//1872
f 490//1873 486//1874 423//1875 427//1876
f 473//1877 490//1878 427//1879 411//1880
f 490//1881 473//1882 475//1883 491//1884
f 486//1885 490//1886 491//1887 487//1888
f 492//1889 493//1890 433//1891 432//1892
f 494//1893 492//1894 432//1895 431//1896
f 492//1897 494//1898 495//1899 496//1900
f 493//1901 492//1902 496//1903 497//1904
f 498//1905 481//1906 418//1907 435//1908
f 493//1909 498//1910 435//1911 433//1912
f 498//1913 493//1914 497//1915 499//1916
f 481//1917 498//1918 499//1919 482//1920
f 500//1921 501//1922 441//1923 440//1924
f 502//1925 500//1926 440//1927 439//1928
f 500//1929 502//1930 503//1931 504//1932
f 501//1933 500//1934 504//1935 505//1936
f 506//1937 502//1938 439//1939 443//1940
f 485//1941 506//1942 443//1943 425//1944
f 506//1945 485//1946 489//1947 507//1948
f 502//1949 506//1950 507//1951 503//1952
f 508//1953 509//1954 449//1955 448//1956
f 510//1957 508//1958 448//1959 447//1960
f 508//1961 510//1962 511//1963 512//1964
f 509//1965 508//1966 512//1967 513//1968
f 514//1969 494//1970 431//1971 451//1972
f 509//1973 514//1974 451//1975 449//1976
f 514//1977 509//1978 513//1979 515//1980
f 494//1981 514//1982 515//1983 495//1984
f 516//1985 517//1986 457//1987 456//1988
f 518//1989 516//1990 456//1991 455//1992
f 516//1993 518//1994 519//1995 520//1996
f 517//1997 516//1998 520//1999 521//2000
f 522//2001 518//2002 455//2003 459//2004
f 501//2005 522//2006 459//2007 441//2008
f 522//2009 501//2010 505//2011 523//2012
f 518//2013 522//2014 523//2015 519//2016
f 524//2017 525//2018 463//2019 462//2020
f 517//2021 524//2022 462//2023 457//2024
f 524//2025 517//2026 521//2027 526//2028
f 525//2029 524//2030 526//2031 527//2032
f 528//2033 510//2034 447//2035 465//2036
f 525//2037 528//2038 465//2039 463//2040
f 528//2041 525//2042 527//2043 529//2044
f 510//2045 528//2046 529//2047 511//2048
f 530//2049 483//2050 482//2051 499//2052
f 531//2053 530//2054 499//2055 497//2056
f 530//2057 531//2058 532//2059 533//2060
f 483//2061 530//2062 533//2063 478//2064
f 534//2065 531//2066 497//2067 496//2068
f 535//2069 534//2070 496//2071 495//2072
f 534//2073 535//2074 536//2075 537//2076
f 531//2077 534//2078 537//2079 532//2080
f 538//2081 535//2082 495//2083 515//2084
f 539//2085 538//2086 515//2087 513//2088
f 538//2089 539//2090 540//2091 541//2092
f 535//2093 538//2094 541//2095 536//2096
f 542//2097 539//2098 513//2099 512//2100
f 529//2101 542//2102 512//2103 511//2104
f 542//2105 529//2106 527//2107 543//2108
f 539//2109 542//2110 543//2111 540//2112
f 544//2113 479//2114 478//2115 533//2116
f 545//2117 544//2118 533//2119 532//2120
f 544//2121 545//2122 546//2123 547//2124
f 479//2125 544//2126 547//2127 469//2128
f 548//2129 545//2130 532//2131 537//2132
f 549//2133 548//2134 537//2135 536//2136
f 548//2137 549//2138 550//2139 551//2140
f 545//2141 548//2142 551//2143 546//2144
f 552//2145 549//2146 536//2147 541//2148
f 553//2149 552//2150 541//2151 540//2152
f 552//2153 553//2154 554//2155 555//2156
f 549//2157 552//2158 555//2159 550//2160
f 556//2161 553//2162 540//2163 543//2164
f 526//2165 556//2166 543//2167 527//2168
f 556//2169 526//2170 521//2171 557//2172
f 553//2173 556//2174 557//2175 554//2176
f 558//2177 470//2178 469//2179 547//2180
f 559//2181 558//2182 547//2183 546//2184
f 558//2185 559//2186 560//2187 561//2188
f 470//2189 558//2190 561//2191 471//2192
f 562//2193 559//2194 546//2195 551//2196
f 563//2197 562//2198 551//2199 550//2200
f 562//2201 563//2202 564//2203 565//2204
f 559//2205 562//2206 565//2207 560//2208
f 566//2209 563//2210 550//2211 555//2212
f 567//2213 566//2214 555//2215 554//2216
f 566//2217 567//2218 568//2219 569//2220
f 563//2221 566//2222 569//2223 564//2224
f 570//2225 567//2226 554//2227 557//2228
f 520//2229 570//2230 557//2231 521//2232
f 570//2233 520//2234 519//2235 571//2236
f 567//2237 570//2238 571//2239 568//2240
f 572//2241 474//2242 471//2243 561//2244
f 573//2245 572//2246 561//2247 560//2248
f 572//2249 573//2250 487//2251 491//2252
f 474//2253 572//2254 491//2255 475//2256
f 574//2257 573//2258 560//2259 565//2260
f 575//2261 574//2262 565//2263 564//2264
f 574//2265 575//2266 489//2267 488//2268
f 573//2269 574//2270 488//2271 487//2272
f 576//2273 575//2274 564//2275 569//2276
f 577//2277 576//2278 569//2279 568//2280
f 576//2281 577//2282 503//2283 507//2284
f 575//2285 576//2286 507//2287 489//2288
f 578//2289 577//2290 568//2291 571//2292
f 523//2293 578//2294 571//2295 519//2296
f 578//2297 523//2298 505//2299 504//2300
f 577//2301 578//2302 504//2303 503//2304
